1;Warboss;"6""";5;4+;5;6;6+;1;40mm
2;Warboss In Mega Armour;"5""";6;2+;5;7;6+;1;50mm
3;Warboss On Warbike;"12""";6;4+;5;7;6+;2;100 x 40mm
4;Weirdboy;"6""";5;5+;-;4;7+;1;40mm
6;Big Mek In Mega Armour;"5""";6;2+;-;5;7+;1;40mm
7;Big Mek On Warbike;"12""";6;4+;6;6;7+;2;90 x 52mm
8;GHAZGHKULL THRAKA;"5""";6;2+;4;10;6+;4;80mm
8;MAKARI;"5""";6;7+;2;1;8+;1;25mm
9;Kaptin Badrukk;"6""";5;3+;4;6;7+;1;40mm
10;Boss Zagstruk;"12""";5;4+;5;6;6+;1;40mm
11;Boss Snikrot;"6""";5;5+;5;6;6+;1;40mm
12;Mek;"6""";5;5+;-;4;7+;1;32mm
13;Painboy;"6""";5;5+;-;3;7+;1;32mm
14;Painboy On Warbike;"12""";6;4+;6;4;7+;2;90 x 52mm
15;Mad Dok Grotsnik;"6""";5;5+;5;4;7+;1;32mm
16;BOY;"6""";5;5+;-;1;7+;2;32mm
16;BOSS NOB;"6""";5;5+;-;2;7+;2;32mm
17;GRETCHIN;"6""";2;7+;-;1;8+;2;25mm
17;RUNTHERD;"6""";5*;5+;-;2;7+;1;32mm
19;Burna Boyz;"6""";5;5+;-;1;7+;1;32mm
20;TANKBUSTA;"6""";5;5+;-;1;7+;1;32mm
20;BOSS NOB;"6""";5;5+;-;2;7+;1;32mm
21;Nobz;"6""";5;4+;-;2;7+;1;32mm
22;Nob With Waaagh! Banner;"6""";5;4+;-;3;7+;1;32mm
23;Nobz On Warbikes;"12""";6;4+;6;4;7+;2;75 x 42mm
24;Meganobz;"5""";6;2+;-;3;7+;1;40mm
25;KOMMANDOS;"6""";5;5+;-;1;7+;1;32mm
25;BOSS NOB;"6""";5;5+;-;2;7+;1;32mm
26;Trukk;"12""";8;4+;6;10;7+;2;Use model
27;STORMBOY;"12""";5;5+;-;1;7+;1;32mm
27;BOSS NOB;"12""";5;5+;-;2;7+;1;32mm
28;Deffkoptas;"12""";6;4+;6;4;7+;2;75 x 42mm
29;Dakkajet;"20+""";9;3+;6;12;7+;-;120 x 92mm flying base
30;Burna-bommer;"20+""";9;3+;6;12;7+;-;120 x 92mm flying base
31;Blitza-bommer;"20+""";9;3+;6;12;7+;-;120 x 92mm flying base
32;Wazbom Blastajet;"20+""";9;3+;6;12;7+;-;120 x 92mm flying base
33;WARBIKER;"12""";6;4+;6;3;7+;2;75 x 42mm
33;BOSS NOB ON WARBIKE;"12""";6;4+;6;4;7+;2;75 x 42mm
34;Wartrakks;"12""";6;4+;6;6;7+;2;Use model
35;Skorchas;"12""";6;4+;6;6;7+;2;Use model
36;Warbuggies;"12""";6;4+;6;6;7+;2;Use model
37;Big Gunz;"3""";4;5+;6;3;8+;1;Use model
38;Mek Gunz;"3""";5;5+;6;6;8+;2;Use model
39;Battlewagon;"10""";10;3+;6;16;7+;5;Use model
40;Deff Dread;"8""";9;2+;6;8;7+;3;60mm
41;Killa Kans;"6""";6;3+;6;5;8+;2;60mm
42;Morkanaut;"8""";12;3+;5;20;7+;8;170 x 109mm
43;Gorkanaut;"8""";12;3+;6;20;7+;8;170 x 109mm
44;Lootas;"6""";5;5+;-;1;7+;1;32mm
45;Flash Gitz;"6""";5;4+;-;2;7+;1;40mm
46;Stompa;"10""";14;2+;6;30;6+;12;Use model
49;Grot Tanks;"10""";6;3+;-;5;8+;2;Use model
50;Grot Mega-tank;"8""";9;3+;-;12;8+;4;Use model
51;Squiggoth;"10""";10;3+;-;18;7+;5;Use model
52;Meka-dread;"8""";10;2+;6;16;7+;5;Use model
53;Lifta Wagon;"10""";10;3+;6;16;7+;5;Use model
54;Big Trakk;"12""";9;4+;6;12;7+;3;Use model
55;Kannonwagon;"12""";10;4+;6;16;7+;4;Use model
56;Kill Tank;"12""";12;3+;-;24;6+;10;Use model
57;Chinork Warkopta;"14""";8;4+;6;10;7+;2;120 x 92mm flying base
59;Gargantuan Squiggoth;"10""";13;3+;-;30;7+;12;Use model
60;Apothecary Biologis;"5""";6;3+;-;5;6+;3;40mm
61;Assault Squad;"6""";4;3+;-;2;6+;1;32mm
63;Apothecary On Bike;"12""";5;3+;-;5;6+;2;75 x 25mm
64;Assault Squad With Jump Packs;"12""";4;3+;-;2;6+;1;32mm
65;Land Raider;"10""";12;2+;-;16;6+;5;Use model
66;Land Raider Crusader;"12""";12;2+;-;16;6+;5;Use model
67;Land Raider Excelsior;"10""";12;2+;5;16;6+;5;Use model
68;Suppressor Squad;"12""";4;3+;-;2;6+;1;40mm
70;Tactical Squad;"6""";4;3+;-;2;6+;2;32mm
71;Bladeguard Veteran Squad;"6""";4;3+;4;3;6+;1;40mm
72;Caestus Assault Ram;"20+""";10;3+;-;18;6+;-;120 x 92mm flying base
73;Captain;"6""";4;3+;4;5;6+;1;40mm
76;Lieutenant With Combi-weapon;"6""";4;3+;-;4;6+;1;40mm
79;Librarian In Terminator Armour;"5""";5;2+;4;5;6+;1;40mm
81;Captain Sicarius;"6""";4;2+;4;5;6+;1;25mm
83;Captain With Jump Pack;"12""";4;3+;4;5;6+;1;40mm
84;Stormhawk Interceptor;"20+""";9;3+;-;10;6+;-;120 x 92mm flying base
85;Rhino Primaris;"12""";9;3+;-;10;6+;3;Use model
86;Firestrike Servo-turrets;"3""";6;2+;-;6;6+;2;80mm
87;Drop Pod;-;7;3+;-;8;6+;2;Use model
91;Ballistus Dreadnought;"8""";10;2+;-;12;6+;4;90mm
92;Sicaran Venator;"10""";11;2+;-;14;6+;4;Use model
93;Typhon;"10""";12;2+;-;18;6+;6;Use model
94;Chaplain On Bike;"12""";5;3+;4;5;5+;1;90 x 52mm
95;Ultramarines Honour Guard;"6""";4;2+;-;2;6+;1;32mm
96;Carab Culln The Risen;"8""";10;2+;5;12;6+;4;80mm
97;Hammerfall Bunker;-;12;2+;-;14;6+;-;Use model
98;Tarantula Sentry Battery;-;6;3+;-;4;6+;1;Use model
99;Tarantula Air Defence Battery;-;5;3+;-;4;7+;-;Use model
103;Eradicator Squad;"5""";6;3+;-;3;6+;1;40mm
104;Relic Terminator Squad;"5""";5;2+;4;3;6+;1;40mm
107;Javelin Attack Speeder;"14""";8;3+;-;9;6+;3;60mm flying base
110;Rapier Carrier;"3""";6;2+;-;6;6+;2;Use model
111;Mortis Dreadnought;"6""";9;2+;-;8;6+;3;60mm
112;Chaplain With Jump Pack;"12""";4;3+;4;4;5+;1;32mm
113;Storm Eagle Gunship;"20+""";10;3+;-;18;6+;-;120 x 92mm flying base
114;Storm Speeder Hammerstrike;"14""";9;3+;-;11;6+;3;90mm
115;Chaplain In Terminator Armour;"5""";5;2+;4;5;5+;1;40mm
116;SPACE MARINE BIKE;"12""";5;3+;-;3;6+;2;75 x 25mm
116;ATTACK BIKE;"12""";5;3+;-;5;6+;2;Use model
117;Dreadnought;"6""";9;2+;-;8;6+;3;60mm
118;Terminator Assault Squad;"5""";5;2+;4;3;6+;1;40mm
119;Librarian In Phobos Armour;"6""";4;3+;-;4;6+;1;40mm
120;Venerable Dreadnought;"6""";9;2+;-;8;6+;3;60mm
121;Uriel Ventris;"6""";4;3+;4;5;6+;1;40mm
122;Dreadnought Drop Pod;-;7;3+;-;8;6+;2;Use model
123;Sicaran Punisher;"10""";11;2+;-;14;6+;4;Use model
124;Storm Speeder Hailstrike;"14""";9;3+;-;11;6+;3;90mm
125;Inceptor Squad;"10""";6;3+;-;3;6+;1;40mm
126;Infernus Squad;"6""";4;3+;-;2;6+;1;32mm
127;Iron Father Feirros;"5""";6;2+;-;6;6+;1;40mm
128;Infiltrator Squad;"6""";4;3+;-;2;6+;1;32mm
129;Razorback;"12""";9;3+;-;10;6+;2;Use model
131;Leviathan Dreadnought;"8""";10;2+;5;12;6+;4;80mm
132;Land Speeder Storm;"14""";7;4+;-;7;6+;1;60mm flying base
134;Astartes Servitors;"6""";4;4+;6;1;8+;-;25mm
135;Captain In Terminator Armour;"5""";5;2+;4;6;6+;1;50mm
136;Brutalis Dreadnought;"8""";10;2+;-;12;6+;4;90mm
137;Scout Bike Squad;"12""";5;4+;-;3;6+;2;75 x 25mm
138;Roboute Guilliman;"8""";9;2+;4;10;5+;4;60mm
139;Thunderhawk Gunship;"20+""";12;2+;-;30;6+;-;120 x 92mm flying base
140;Techmarine;"6""";4;2+;-;4;6+;1;40mm
146;Hunter;"9""";11;3+;-;11;6+;3;Use model
147;Vanguard Veteran Squad With Jump Packs;"12""";4;3+;-;2;6+;1;32mm
148;Imperial Space Marine;"6""";4;3+;-;4;6+;1;32mm
151;Commander Dante;"12""";4;2+;4;6;6+;1;50mm
155;Chief Librarian Mephiston;"7""";5;2+;5;6;6+;1;40mm
156;The Sanguinor;"12""";4;2+;4;7;6+;1;25mm
157;Astorath;"12""";4;2+;4;5;5+;1;40mm
158;Sanguinary Priest;"6""";4;3+;-;4;6+;1;32mm
159;Sanguinary Priest On Bike;"12""";5;3+;-;5;6+;2;75 x 25mm
164;Lemartes;"12""";4;3+;4;4;5+;1;40mm
165;Sanguinary Guard;"12""";4;2+;4;3;6+;1;32mm
166;Death Company Dreadnought;"8""";10;2+;-;12;6+;3;60mm
168;Baal Predator;"12""";10;3+;-;11;6+;3;Use model
218;Azrael;"6""";4;2+;4;6;6+;1;50mm
219;Belial;"5""";5;2+;4;6;6+;1;50mm
225;Asmodai;"6""";4;3+;4;4;5+;1;50mm
226;Ezekiel;"6""";4;2+;4;4;6+;1;32mm
230;Deathwing Terminator Squad;"5""";5;2+;4;3;6+;1;40mm
231;Deathwing Knights;"5""";5;2+;4;4;6+;1;40mm
238;Ravenwing Darkshroud;"14""";8;3+;5;10;6+;3;60mm flying base
239;Nephilim Jetfighter;"20+""";8;3+;5;11;6+;-;120 x 92mm flying base
240;Ravenwing Dark Talon;"20+""";8;3+;5;11;6+;-;120 x 92mm flying base
241;Ravenwing Black Knights;"12""";5;3+;5;3;6+;2;75 x 42mm
242;Land Speeder Vengeance;"14""";8;3+;5;10;6+;3;60mm flying base
243;Fortress Of Redemption;-;13;2+;-;30;7+;-;Use model
282;Logan Grimnar;"5""";5;2+;4;6;6+;1;40mm
283;Logan Grimnar On Stormrider;"10""";6;2+;4;12;6+;4;120 x 92mm
284;Wolf Lord On Thunderwolf;"10""";6;3+;4;6;6+;2;60mm
285;Ragnar Blackmane;"6""";4;3+;4;5;6+;1;40mm
286;Krom Dragongaze;"6""";4;3+;4;4;6+;1;32mm
287;Harald Deathwolf;"10""";6;3+;4;7;6+;2;60mm
288;Canis Wolfborn;"10""";6;3+;-;6;6+;2;60mm
292;Njal Stormcaller;"5""";5;2+;4;5;6+;1;40mm
297;Ulrik The Slayer;"6""";4;3+;4;4;5+;1;32mm
300;Wolf Guard Battle Leader In Terminator Armour;"5""";5;2+;4;5;6+;1;40mm
301;Wolf Guard Battle Leader On Thunderwolf;"10""";6;3+;-;5;6+;2;60mm
302;Bjorn The Fell-handed;"8""";9;2+;-;8;6+;3;60mm
303;Blood Claws;"6""";4;3+;-;2;6+;2;32mm
304;Lukas The Trickster;"6""";4;3+;-;4;6+;1;32mm
305;Grey Hunters;"6""";4;3+;-;2;6+;2;32mm
306;Iron Priest;"6""";4;2+;-;4;6+;1;32mm
308;Iron Priest On Thunderwolf;"10""";6;2+;-;5;6+;2;60mm
310;Wolf Scouts;"6""";4;4+;-;2;6+;1;28mm
311;Wulfen;"8""";5;4+;-;2;6+;-;40mm
314;Murderfang;"8""";9;2+;-;8;6+;-;60mm
315;Wolf Guard;"6""";4;3+;-;2;5+;1;32mm
317;Arjac Rockfist;"5""";5;2+;4;6;6+;1;40mm
318;Wolf Guard Terminators;"5""";5;2+;4;3;6+;1;40mm
321;Stormwolf;"20+""";10;3+;-;14;6+;-;120 x 92mm flying base
322;Thunderwolf Cavalry;"10""";6;3+;-;4;6+;2;60mm
323;Fenrisian Wolves;"10""";4;6+;-;1;8+;-;40mm
324;Skyclaws;"12""";4;3+;-;2;6+;1;32mm
325;Stormfang Gunship;"20+""";10;3+;-;14;6+;-;120 x 92mm flying base
326;Long Fangs;"6""";4;3+;-;2;6+;1;32mm
352;Watch Master;"6""";4;2+;4;5;6+;1;32mm
353;Watch Captain Artemis;"6""";4;3+;4;4;6+;1;32mm
358;Corvus Blackstar;"20+""";10;3+;-;14;6+;-;120 x 92mm flying base
373;Kaldor Draigo;"5""";5;2+;4;7;6+;1;40mm
374;Grand Master Voldus;"5""";5;2+;4;6;6+;1;40mm
375;Grand Master;"5""";5;2+;4;7;6+;1;40mm
376;Brother-captain;"5""";5;2+;4;6;6+;1;40mm
377;Brother-captain Stern;"5""";5;2+;4;6;6+;1;40mm
379;Brotherhood Champion;"6""";4;2+;4;4;6+;1;32mm
380;Castellan Crowe;"6""";4;2+;4;5;6+;1;40mm
381;Strike Squad;"6""";4;2+;-;2;6+;2;32mm
382;Brotherhood Terminator Squad;"5""";5;2+;4;3;6+;2;40mm
383;Purifier Squad;"6""";4;2+;-;2;6+;1;32mm
384;Paladin Squad;"5""";5;2+;4;3;6+;1;40mm
387;Interceptor Squad;"12""";4;2+;-;2;6+;1;32mm
388;Purgation Squad;"6""";4;2+;-;2;6+;1;32mm
389;Nemesis Dreadknight;"8""";8;2+;4;13;6+;4;120 x 92mm
390;Grey Knights Dreadnought;"6""";9;2+;-;8;6+;3;60mm
391;Grey Knights Land Raider;"10""";12;2+;-;16;6+;5;Use model
392;Grey Knights Land Raider Crusader;"12""";12;2+;-;16;6+;5;Use model
393;Grey Knights Land Raider Redeemer;"12""";12;2+;-;16;6+;5;Use model
395;Grey Knights Razorback;"12""";9;3+;-;10;6+;2;Use model
396;Grey Knights Rhino;"12""";9;3+;-;10;6+;2;Use model
397;Servitors;"6""";4;4+;6;1;8+;-;25mm
398;Grey Knights Stormraven Gunship;"20+""";10;3+;-;14;6+;-;120 x 92mm flying base
399;Brotherhood Techmarine;"5""";4;2+;-;4;6+;1;32mm
400;Grey Knights Venerable Dreadnought;"6""";9;2+;-;8;6+;3;60mm
402;Commander In Coldstar Battlesuit;"12""";5;3+;-;6;7+;2;60mm
403;Tactical Drones;"8""";3;4+;-;1;7+;-;32mm flying base
404;Ethereal;"6""";3;5+;5;3;6+;1;40mm
405;Cadre Fireblade;"6""";3;4+;-;3;7+;1;25mm
406;Commander Farsight;"10""";5;2+;4;8;6+;2;60mm
407;Commander Shadowsun;"10""";4;3+;5;6;6+;1;50mm
408;Aun’shi;"6""";3;6+;5;3;7+;1;25mm
409;AUN’VA;"6""";3;5+;4;5;7+;1;40mm
409;ETHEREAL GUARD;"6""";3;5+;4;2;7+;1;25mm
410;Darkstrider;"7""";3;4+;-;3;7+;1;32mm
411;Strike Team;"6""";3;4+;-;1;7+;2;25mm
412;Breacher Team;"6""";3;4+;-;1;7+;2;25mm
413;Kroot Carnivores;"7""";3;6+;-;1;7+;2;28mm
414;Krootox Riders;"7""";6;5+;-;5;7+;2;50mm
415;Kroot Hounds;"12""";3;6+;-;1;8+;-;25mm
417;Stealth Battlesuits;"8""";4;3+;-;2;7+;1;32mm
418;Crisis Battlesuits;"10""";5;3+;-;4;7+;2;50mm
420;Ghostkeel Battlesuit;"10""";8;2+;-;12;7+;3;105 x 70mm
421;Riptide Battlesuit;"10""";9;2+;4;14;7+;4;120 x 92mm
422;Pathfinder Team;"7""";3;4+;-;1;7+;1;25mm
423;Piranha;"14""";7;4+;-;7;7+;2;60mm flying base
424;Devilfish;"12""";9;3+;-;13;7+;2;60mm flying base
425;Razorshark Strike Fighter;"20+""";10;3+;-;12;7+;-;120 x 92mm flying base
426;Sun Shark Bomber;"20+""";9;3+;-;12;7+;-;120 x 92mm flying base
427;Vespid Stingwings;"12""";4;4+;-;1;7+;1;25mm
428;Firesight Team;"6""";3;4+;-;4;7+;3;40mm
430;Sky Ray Gunship;"10""";10;3+;-;14;7+;3;60mm flying base
431;Longstrike;"10""";10;3+;-;14;7+;3;60mm flying base
432;Hammerhead Gunship;"10""";10;3+;-;14;7+;3;60mm flying base
433;Broadside Battlesuits;"5""";6;2+;-;8;7+;2;60mm
434;Stormsurge;"8""";11;2+;4;20;7+;6;170 x 109mm
435;Tidewall Droneport;"4""";8;3+;-;10;7+;-;Use model
436;Tidewall Shieldline;"4""";8;3+;5;10;7+;-;Use model
437;Tidewall Gunrig;"4""";8;3+;-;14;7+;-;Use model
439;Shas'o R'alai;"8""";6;3+;4;6;7+;2;65mm
443;Xv9 Hazard Battlesuits;"8""";6;3+;-;4;7+;2;60mm
444;Y’vahra Battlesuit;"10""";9;2+;5;15;7+;4;120 x 92mm
445;R’varna Battlesuit;"8""";10;2+;5;15;7+;4;120 x 92mm
446;Ta’unar Supremacy Armour;"8""";13;2+;5;30;7+;10;160mm
447;Tetras;"14""";7;4+;-;7;7+;2;60mm flying base
448;Tx42 Piranha;"14""";7;4+;-;7;7+;2;60mm flying base
449;Heavy Gun Drones;"8""";5;4+;-;2;8+;-;32mm flying base
452;Remora Stealth Drones;"16""";6;3+;-;5;7+;-;60mm flying base
453;Barracuda;"20+""";10;3+;5;14;7+;-;120 x 92mm flying base
454;Tiger Shark;"20+""";11;3+;5;18;7+;-;160mm
455;Ax-1-0 Tiger Shark;"20+""";11;3+;5;18;7+;-;160mm
456;Orca Dropship;"20+""";12;3+;-;28;7+;-;Use model
457;Manta;"20+""";14;2+;5;60;7+;-;Use model
458;Remote Sensor Tower;-;8;4+;-;4;8+;-;Use model
459;Drone Sentry Turret;-;8;4+;-;4;8+;-;Use model
460;Hive Tyrant;"8""";10;2+;4;10;7+;3;60mm
461;The Swarmlord;"8""";10;2+;4;10;7+;3;60mm
462;Old One Eye;"8""";9;2+;-;9;8+;3;105 x 70mm
463;Broodlord;"8""";5;4+;4;6;7+;1;75 x 42mm
465;Tervigon;"8""";11;2+;-;16;7+;5;120 x 92mm
467;Genestealers;"8""";4;5+;5;2;7+;1;32mm
468;Termagants;"6""";3;5+;-;1;8+;2;28mm
469;Hormagaunts;"10""";3;5+;-;1;8+;2;28mm
470;Ripper Swarms;"6""";2;6+;-;4;8+;-;40mm
471;Tyrant Guard;"6""";8;3+;-;4;8+;1;50mm
472;Hive Guard;"6""";7;3+;-;4;8+;1;50mm
473;Lictor;"8""";6;4+;-;6;7+;1;50mm
474;Maleceptor;"8""";11;3+;4;14;7+;4;120 x 92mm
475;Zoanthropes;"5""";5;5+;4;3;7+;1;40mm
476;Venomthropes;"6""";5;4+;-;3;8+;1;40mm
477;Pyrovores;"5""";6;3+;-;5;8+;1;80mm
478;Haruspex;"8""";11;3+;-;14;8+;4;120 x 92mm
479;Deathleaper;"8""";6;3+;4;7;7+;1;60mm
482;Raveners;"10""";5;5+;-;3;8+;1;40mm
483;Sky-slasher Swarms;"12""";2;6+;-;4;8+;-;40mm
484;Gargoyles;"12""";3;6+;-;1;8+;2;32mm flying base
485;Harpy;"20+""";9;3+;-;12;8+;-;120 x 92mm flying base
486;Hive Crone;"20+""";9;3+;-;12;8+;-;120 x 92mm flying base
487;Mucolid Spores;"4""";4;7+;-;3;8+;-;40mm
488;Spore Mines;"4""";1;7+;-;1;8+;-;25mm
489;Tyrannocyte;"8""";9;3+;-;10;8+;2;100mm
490;Carnifexes;"8""";9;2+;-;8;8+;3;105 x 70mm
491;Biovores;"5""";6;3+;-;5;8+;1;80mm
493;Trygon;"10""";10;3+;-;14;8+;4;120 x 92mm
494;Mawloc;"10""";10;3+;-;14;8+;4;120 x 92mm
495;Exocrine;"8""";10;3+;-;14;8+;4;120 x 92mm
496;Tyrannofex;"9""";12;2+;-;16;8+;5;120 x 92mm
497;Toxicrene;"8""";11;3+;-;14;8+;4;120 x 92mm
498;Sporocyst;-;10;3+;-;10;8+;-;100mm
499;Malanthrope;"6""";5;4+;-;10;7+;3;60mm
500;Dimachaeron;"12""";10;3+;5;16;7+;5;120 x 92mm
503;Barbed Hierodule;"8""";12;2+;-;18;8+;5;127mm
504;Harridan;"20+""";10;3+;-;30;8+;-;120 x 92mm flying base
505;Hierophant;"12""";14;2+;5;30;8+;12;Use model
506;Scythed Hierodule;"12""";12;2+;-;18;8+;5;127mm
507;Patriarch;"8""";5;4+;4;6;6+;1;50mm
508;Magus;"6""";3;5+;5;4;6+;1;32mm
509;Primus;"6""";3;5+;5;4;6+;1;32mm
510;Acolyte Iconward;"6""";4;5+;-;3;6+;1;32mm
511;Acolyte Hybrids;"6""";4;5+;-;1;7+;2;32mm
512;Neophyte Hybrids;"6""";3;5+;-;1;7+;2;25mm
513;Hybrid Metamorphs;"6""";4;5+;-;1;7+;1;32mm
514;Aberrants;"6""";6;5+;-;3;7+;1;32mm
515;Purestrain Genestealers;"8""";4;5+;5;2;7+;1;32mm
516;Goliath Truck;"12""";9;3+;-;10;7+;2;Use model
521;Goliath Rockgrinder;"12""";10;3+;-;10;7+;3;Use model
522;Imotekh The Stormlord;"5""";5;2+;4;6;6+;1;40mm
523;Overlord;"5""";5;2+;4;6;6+;1;40mm
524;Lord;"5""";5;3+;-;4;6+;1;32mm
527;Nemesor Zahndrekh;"5""";5;2+;4;6;7+;1;25mm
528;Vargard Obyron;"5""";5;2+;-;5;6+;1;25mm
530;Orikan The Diviner;"5""";4;4+;4;4;6+;1;40mm
531;Anrakyr The Traveller;"5""";5;2+;4;6;6+;1;25mm
532;Trazyn The Infinite;"5""";5;2+;4;6;6+;1;25mm
533;Catacomb Command Barge;"10""";8;3+;4;9;6+;3;Use model
534;Necron Warriors;"5""";4;4+;-;1;7+;2;32mm
535;Immortals;"5""";5;3+;-;1;7+;2;32mm
536;Lychguard;"5""";5;3+;-;2;7+;1;32mm
537;Deathmarks;"5""";5;3+;-;1;7+;1;32mm
538;Flayed Ones;"5""";4;4+;-;1;7+;1;28mm
539;Triarch Praetorians;"10""";5;3+;-;2;7+;1;32mm
540;Triarch Stalker;"8""";8;3+;4;12;7+;4;Use model
541;C’tan Shard Of The Nightbringer;"6""";11;4+;4;12;6+;4;40mm
542;C’tan Shard Of The Deceiver;"6""";11;4+;4;12;6+;6;40mm
543;Ghost Ark;"10""";9;3+;4;14;7+;3;60mm
544;Night Scythe;"20+""";9;3+;-;12;7+;-;120 x 92mm flying base
545;Doom Scythe;"20+""";9;3+;-;12;7+;-;120 x 92mm flying base
546;Canoptek Wraiths;"10""";6;3+;4;4;8+;2;50mm
548;Tomb Blades;"12""";5;4+;-;2;7+;2;32mm flying base
551;Canoptek Spyders;"5""";7;3+;-;6;8+;2;60mm flying base
552;Monolith;"8""";13;2+;-;22;7+;8;160mm
553;Annihilation Barge;"10""";8;3+;4;9;7+;3;Use model
554;Doomsday Ark;"10""";9;3+;4;14;7+;5;60mm flying base
555;Transcendent C’tan;"6""";11;4+;4;12;6+;4;60mm flying base
556;Tesseract Vault;"8""";12;2+;4;24;7+;8;120 x 92mm flying base
557;Obelisk;"8""";13;2+;-;24;7+;8;120 x 92mm flying base
558;Canoptek Tomb Stalker;"10""";9;3+;4;9;8+;3;120 x 92mm
559;Canoptek Acanthrites;"12""";5;3+;-;2;8+;2;40mm
560;Canoptek Tomb Sentinel;"10""";9;3+;4;9;8+;3;120 x 92mm
561;Night Shroud;"20+""";9;3+;-;14;7+;-;120 x 92mm flying base
562;Sentry Pylon;-;8;3+;-;10;7+;-;Use model
564;Tesseract Ark;"9""";9;3+;4;10;6+;3;60mm
567;Gauss Pylon;-;12;3+;5;22;7+;-;Use model
568;Eldrad Ulthran;"7""";4;6+;4;5;6+;1;32mm
569;Prince Yriel;"7""";3;3+;4;4;6+;1;32mm
570;Illic Nightspear;"7""";3;5+;5;3;6+;1;25mm
571;Asurmen;"7""";3;2+;3;5;6+;1;25mm
572;Jain Zar;"8""";3;2+;4;5;6+;1;40mm
573;Karandras;"7""";3;2+;4;5;6+;1;25mm
574;Fuegan;"7""";3;2+;4;5;6+;1;25mm
575;Baharroth;"14""";3;2+;4;5;6+;1;25mm
576;Maugan Ra;"7""";3;2+;4;5;6+;1;40mm
577;Autarch;"7""";3;3+;4;4;6+;1;32mm
580;Autarch Skyrunner;"14""";4;3+;4;5;6+;2;32mm flying base
581;Avatar Of Khaine;"10""";12;2+;4;14;6+;5;80mm
582;Farseer;"7""";3;6+;4;4;6+;1;25mm
583;Farseer Skyrunner;"14""";4;3+;4;5;6+;2;32mm flying base
584;Warlock Conclave;"7""";3;6+;4;2;6+;1;32mm
585;Warlock;"7""";3;6+;4;2;6+;1;25mm
586;Warlock Skyrunner Conclave;"14""";4;3+;4;3;6+;2;32mm flying base
587;Warlock Skyrunner;"14""";4;3+;4;3;6+;2;32mm flying base
588;Spiritseer;"7""";3;6+;4;3;6+;1;25mm
589;GUARDIAN DEFENDER;"7""";3;4+;-;1;6+;2;28mm
589;HEAVY WEAPON PLATFORM;"7""";3;4+;-;2;6+;-;40mm
590;STORM GUARDIAN;"7""";3;4+;-;1;6+;2;28mm
590;SERPENT’S SCALE PLATFORM;"7""";3;4+;-;2;6+;-;28mm
591;Windriders;"14""";4;3+;-;2;6+;2;32mm flying base
592;Rangers;"7""";3;5+;5;1;6+;1;28mm
593;DIRE AVENGER;"7""";3;4+;5;1;6+;1;28mm
593;DIRE AVENGER EXARCH;"7""";3;4+;5;2;6+;1;28mm
594;HOWLING BANSHEE;"8""";3;4+;5;1;6+;1;28mm
594;HOWLING BANSHEE EXARCH;"8""";3;4+;5;2;6+;1;28mm
595;STRIKING SCORPION;"7""";3;3+;5;1;6+;1;25mm
595;STRIKING SCORPION EXARCH;"7""";3;3+;5;2;6+;1;25mm
596;FIRE DRAGON;"7""";3;3+;5;1;6+;1;25mm
596;FIRE DRAGON EXARCH;"7""";3;3+;5;2;6+;1;25mm
597;Wraithguard;"6""";7;2+;-;3;6+;1;40mm
598;Wraithblades;"6""";7;2+;-;3;6+;1;40mm
599;Wave Serpent;"14""";9;3+;5;13;6+;2;60mm flying base
600;SWOOPING HAWK;"14""";3;4+;5;1;6+;1;25mm
600;SWOOPING HAWK EXARCH;"14""";3;4+;5;2;6+;1;25mm
601;WARP SPIDER;"12""";3;3+;5;1;6+;1;25mm
601;WARP SPIDER EXARCH;"12""";3;3+;5;2;6+;1;25mm
602;SHINING SPEAR;"14""";4;3+;5;2;6+;2;60mm flying base
602;SHINING SPEAR EXARCH;"14""";4;3+;5;3;6+;2;60mm flying base
603;Crimson Hunter;"20+""";8;3+;5;12;6+;-;170 x 109mm flying base
605;Vypers;"14""";6;3+;-;6;6+;2;60mm flying base
606;Hemlock Wraithfighter;"20+""";8;3+;-;12;6+;-;170 x 109mm flying base
607;DARK REAPER EXARCH;"6""";3;3+;5;2;6+;1;28mm
607;DARK REAPER;"6""";3;3+;5;1;6+;1;28mm
608;Support Weapons;"3""";6;4+;-;5;6+;1;40mm
609;Falcon;"14""";9;3+;-;12;6+;3;60mm flying base
610;Fire Prism;"14""";9;3+;-;12;6+;3;60mm flying base
611;Night Spinner;"14""";9;3+;-;12;6+;3;60mm flying base
612;War Walkers;"10""";7;3+;4;6;6+;2;60mm
613;Wraithlord;"8""";11;2+;-;10;6+;3;60mm
614;Wraithknight;"10""";12;2+;-;18;6+;10;120 x 92mm
615;SHADOW SPECTRE;"12""";3;3+;5;1;6+;1;25mm
615;SHADOW SPECTRE EXARCH;"12""";3;3+;5;2;6+;1;25mm
616;Wasp Assault Walker;"10""";7;3+;4;6;6+;2;60mm
617;Wraithseer;"8""";11;2+;5;10;6+;3;60mm
618;Hornet;"14""";7;3+;-;8;6+;2;60mm
619;Warp Hunter;"14""";9;3+;-;12;6+;3;Use model
620;Lynx;"14""";9;3+;5;16;6+;4;Use model
621;Scorpion;"14""";11;2+;5;24;6+;8;Use model
622;Cobra;"14""";11;2+;5;24;6+;8;Use model
623;Nightwing;"20+""";8;3+;5;12;6+;-;120 x 92mm flying base
624;Phoenix;"20+""";9;3+;-;16;6+;-;120 x 92mm flying base
625;Vampire Raider;"20+""";12;3+;4*;30;6+;-;170 x 109mm flying base
626;Vampire Hunter;"20+""";12;3+;4*;30;6+;-;170 x 109mm flying base
627;Skathach Wraithknight;"10""";12;2+;-;18;6+;10;120 x 92mm
628;Revenant Titan;"16""";13;2+;4;30;6+;16;Use model
629;Corsair Cloud Dancer Band;"14""";4;3+;-;2;6+;2;32mm flying base
630;Irillyth;"12""";3;2+;4;5;6+;1;25mm
631;Phantom Titan;"14""";14;2+;4;55;6+;20;Use model
632;Corsair Reaver Band;"7""";3;5+;-;3;6+;2;25mm
633;Corsair Skyreaver Band;"14""";3;5+;-;3;6+;1;25mm
634;Archon;"8""";3;4+;2;4;6+;1;25mm
639;Succubus;"8""";3;6+;4;4;6+;1;25mm
640;Lelith Hesperax;"8""";3;6+;4;4;6+;1;32mm
641;Haemonculus;"7""";4;6+;6;5;6+;1;25mm
642;Urien Rakarth;"7""";4;6+;4;5;6+;1;25mm
643;Drazhar;"7""";3;2+;4;5;6+;1;40mm
644;Kabalite Warriors;"8""";3;4+;6;1;6+;2;25mm
646;Wyches;"8""";3;6+;6;1;6+;2;25mm
648;Incubi;"7""";3;3+;5;1;6+;1;28mm
648;KLAIVEX;"7""";3;3+;5;2;6+;1;28mm
649;Mandrakes;"8""";3;7+;5;1;6+;1;25mm
650;Wracks;"7""";4;6+;6;1;6+;2;25mm
651;Grotesques;"7""";5;6+;6;4;6+;1;40mm
652;BEASTMASTER;"12""";4;6+;6;3;6+;1;32mm flying base
652;CLAWED FIEND ;"12""";4;6+;6;5;8+;1;40mm
652;KHYMERAE;"12""";4;6+;6;2;8+;1;40mm
652;RAZORWING FLOCK;"12""";4;6+;6;3;8+;1;40mm
656;Raider;"14""";8;4+;6;10;6+;2;60mm flying base
657;Venom;"14""";6;4+;6;6;6+;1;60mm flying base
658;Reavers;"16""";4;4+;6;2;6+;2;32mm flying base
659;Hellions;"14""";4;5+;6;2;6+;1;32mm flying base
660;Razorwing Jetfighter;"20+""";8;4+;6;10;6+;-;120 x 92mm flying base
661;Voidraven Bomber;"20+""";9;4+;6;12;6+;-;120 x 92mm flying base
662;Scourges;"14""";3;4+;5;1;6+;1;32mm
663;Talos;"7""";7;3+;6;7;6+;2;60mm flying base
664;Cronos;"7""";7;3+;6;7;6+;2;60mm flying base
665;Ravager;"14""";9;4+;6;11;6+;3;Use model
666;Reaper;"14""";9;4+;6;11;6+;3;Use model
667;Tantalus;"16""";10;4+;5;18;6+;5;Use model
680;Tank Commander;"10""";11;2+;-;13;7+;3;Use model
684;GUARDSMAN;"6""";3;5+;-;1;7+;2;25mm
684;HEAVY WEAPONS TEAM;"6""";3;5+;-;2;7+;4;50mm
686;Heavy Weapons Squad;"6""";3;5+;-;2;7+;2;50mm
690;Scout Sentinels;"10""";7;3+;-;7;7+;2;80mm
691;Armoured Sentinels;"8""";8;2+;-;7;7+;2;80mm
692;Chimera;"10""";9;3+;-;11;7+;2;Use model
693;Taurox;"12""";8;3+;-;10;7+;2;Use model
694;Hellhound;"10""";10;2+;-;11;7+;3;Use model
695;Basilisk;"10""";9;3+;-;11;7+;3;Use model
696;Hydra;"10""";9;3+;-;11;7+;3;Use model
697;Wyvern;"10""";9;3+;-;11;7+;3;Use model
698;Manticore;"10""";10;3+;-;11;7+;3;Use model
699;Deathstrike;"10""";10;3+;-;11;7+;3;Use model
700;Leman Russ Battle Tank;"10""";11;2+;-;13;7+;3;Use model
701;Leman Russ Demolisher;"10""";11;2+;-;13;7+;3;Use model
702;Baneblade;"9""";13;2+;-;24;7+;8;Use model
703;Banehammer;"9""";13;2+;-;24;7+;8;Use model
704;Banesword;"9""";13;2+;-;24;7+;8;Use model
705;Doomhammer;"9""";13;2+;-;24;7+;8;Use model
706;Hellhammer;"9""";13;2+;-;24;7+;8;Use model
707;Shadowsword;"9""";13;2+;-;24;7+;8;Use model
708;Stormlord;"9""";13;2+;-;24;7+;8;Use model
709;Stormsword;"9""";13;2+;-;24;7+;8;Use model
713;‘Iron Hand’ Straken;"6""";3;3+;4;4;7+;1;25mm
714;Sergeant Harker;"6""";4;5+;-;3;7+;1;25mm
716;Commissar;"6""";3;5+;5;3;6+;1;28mm
719;TEMPESTUS SCION;"6""";3;4+;-;1;7+;1;25mm
719;TEMPESTOR PRIME;"6""";3;4+;-;3;7+;1;25mm
721;Taurox Prime;"12""";8;3+;-;10;7+;2;Use model
722;Ogryn Squad;"6""";6;5+;-;3;7+;1;40mm
723;Bullgryn Squad;"6""";6;4+;-;3;7+;1;40mm
724;Ratling Snipers;"6""";2;6+;-;1;8+;1;25mm
725;Nork Deddog;"6""";6;4+;-;6;7+;1;40mm
727;Valkyrie;"20+""";10;2+;-;14;7+;-;120 x 92mm flying base
728;Atlas Recovery Vehicle;"10""";9;3+;-;10;7+;3;Use model
729;Salamander Command Vehicle;"12""";8;3+;-;10;7+;3;Use model
730;Hades Breaching Drill;"6""";9;3+;-;8;7+;2;Use model
731;Centaur Light Carrier;"10""";7;3+;-;7;7+;1;Use model
733;Trojan Support Vehicle;"10""";9;3+;-;11;7+;2;Use model
735;Salamander Scout Vehicle;"12""";8;3+;-;10;7+;3;Use model
736;Tauros Assault Vehicle;"12""";6;4+;-;6;7+;2;Use model
737;Tauros Venator;"12""";6;4+;-;6;7+;2;Use model
739;Armageddon-pattern Medusa;"10""";9;3+;-;11;7+;3;Use model
740;Colossus;"10""";10;2+;-;11;7+;3;Use model
741;Cyclops Demolition Vehicle;"8""";4;3+;-;4;8+;-;Use model
743;Earthshaker Carriage Battery;"4""";7;4+;-;6;7+;2;Use model
744;Griffon Mortar Carrier;"10""";9;3+;-;11;7+;3;Use model
745;Heavy Mortar Team;"4""";5;3+;-;4;7+;2;Use model
746;Heavy Quad Launcher Team;"4""";5;3+;-;4;7+;2;Use model
747;Hydra Platform;-;8;3+;-;8;7+;2;Use model
751;Malcador Annihilator;"10""";11;2+;-;18;7+;5;Use model
752;Malcador Defender;"10""";11;2+;-;18;7+;5;Use model
753;Malcador;"10""";11;2+;-;18;7+;5;Use model
754;Malcador Infernus;"10""";11;2+;-;18;7+;5;Use model
755;Manticore Platform;-;8;3+;-;8;7+;2;Use model
756;Medusa Carriage Battery;"4""";7;4+;-;6;7+;2;Use model
757;Rapier Laser Destroyer Battery;"6""";4;4+;-;3;7+;1;Use model
758;Sabre Weapons Battery;-;4;4+;-;4;7+;1;Use model
759;Sentinel Powerlifter;"8""";7;3+;-;6;7+;2;Use model
760;Stygies Destroyer Tank Hunter;"10""";11;2+;-;13;7+;3;Use model
762;Tarantula Battery;-;5;3+;-;4;7+;-;Use model
763;Stormblade;"9""";13;2+;-;24;7+;8;Use model
764;Arkurian Stormhammer;"9""";13;2+;-;24;7+;8;Use model
766;Crassus;"10""";11;2+;-;18;7+;5;Use model
767;Dominus Armoured Siege Bombard;"9""";13;2+;-;20;7+;8;Use model
768;Gorgon Heavy Transport;"9""";13;2+;5;20;7+;8;Use model
769;Macharius;"9""";13;2+;-;20;7+;8;Use model
770;Macharius Omega;"9""";13;2+;-;20;7+;8;Use model
771;Macharius Vanquisher;"9""";13;2+;-;20;7+;8;Use model
772;Macharius Vulcan;"9""";13;2+;-;20;7+;8;Use model
773;Marauder Bomber;"20+""";10;2+;-;20;7+;-;Use model
774;Marauder Destroyer;"20+""";10;2+;-;20;7+;-;Use model
775;Minotaur;"10""";11;2+;-;18;7+;5;Use model
776;Praetor;"10""";11;2+;-;18;7+;5;Use model
777;Valdor;"9""";13;2+;-;20;7+;8;Use model
778;Aquila Lander;"20+""";9;3+;-;12;7+;-;120 x 92mm flying base
779;Arvus Lighter;"20+""";8;3+;-;8;7+;-;120 x 92mm flying base
780;Avenger Strike Fighter;"20+""";9;3+;-;14;7+;-;120 x 92mm flying base
781;Voss-pattern Lightning;"20+""";9;3+;-;14;7+;-;120 x 92mm flying base
783;Vendetta Gunship;"20+""";10;2+;-;14;7+;-;120 x 92mm flying base
784;Vulture Gunship;"20+""";10;2+;-;14;7+;-;120 x 92mm flying base
785;Imperial Fortress Walls;-;14;2+;-;80;7+;-;Use model
786;Primaris Redoubt;-;12;3+;5;18;7+;-;Use model
838;Belisarius Cawl;"8""";8;2+;4;10;6+;3;105 x 70mm
839;Tech-priest Dominus;"6""";4;2+;5;4;7+;1;50mm
840;Tech-priest Enginseer;"6""";4;3+;5;3;7+;1;32mm
841;Kataphron Breachers;"5""";7;3+;6;3;7+;1;60mm
842;Kataphron Destroyers;"5""";6;3+;6;3;7+;1;60mm
843;Fulgurite Electro-priests;"6""";3;7+;5;1;7+;1;32mm
844;Corpuscarii Electro-priests;"6""";3;7+;5;1;7+;1;32mm
845;Kastelan Robots;"6""";9;2+;5;7;7+;2;60mm
846;Cybernetica Datasmith;"6""";4;2+;5;3;7+;1;32mm
847;Servitors;"6""";3;4+;6;1;8+;-;25mm
848;Skitarii Rangers;"6""";3;4+;5;1;7+;2;25mm
849;Skitarii Vanguard;"6""";3;4+;5;1;7+;2;25mm
850;Sicarian Infiltrators;"8""";4;4+;5;2;7+;1;40mm
851;Sicarian Ruststalkers;"8""";4;4+;5;2;7+;1;40mm
852;Ironstrider Ballistarii;"10""";7;3+;5;7;7+;2;105 x 70mm
853;Sydonian Dragoons;"10""";7;3+;5;7;7+;2;105 x 70mm
854;Onager Dunecrawler;"8""";10;2+;4;11;7+;3;130mm
855;Knight Paladin;"10""";12;3+;5;22;6+;10;170 x 109mm
856;Knight Errant;"10""";12;3+;5;22;6+;10;170 x 109mm
857;Knight Warden;"10""";12;3+;5;22;6+;10;170 x 109mm
858;Knight Gallant;"12""";12;3+;5;22;6+;10;170 x 109mm
859;Knight Crusader;"10""";12;3+;5;22;6+;10;170 x 109mm
860;Acastus Knight Porphyrion;"8""";13;2+;5;30;6+;10;Use model
861;Cerastus Knight Acheron;"12""";12;3+;5;25;6+;10;170 x 109mm
862;Cerastus Knight Atrapos;"12""";12;3+;5;25;6+;10;170 x 109mm
863;Cerastus Knight Castigator;"12""";12;3+;5;25;6+;10;170 x 109mm
864;Cerastus Knight Lancer;"14""";12;3+;4;25;6+;10;170 x 109mm
865;Questoris Knight Magaera;"10""";12;3+;5;22;6+;10;170 x 109mm
866;Questoris Knight Styrix;"10""";12;3+;5;22;6+;10;170 x 109mm
867;Warhound Titan;"14""";13;2+;5;40;6+;16;Use model
868;Reaver Titan;"12""";14;2+;5;60;6+;20;Use model
869;Warlord Titan;"10""";16;2+;5;100;6+;30;Use model
870;Vindicare Assassin;"7""";4;6+;4;4;6+;1;32mm
871;Callidus Assassin;"7""";4;6+;4;4;6+;1;32mm
872;Eversor Assassin;"9""";4;6+;4;4;6+;1;32mm
873;Culexus Assassin;"7""";4;6+;4;4;6+;1;32mm
874;Inquisitor Greyfax;"6""";3;3+;5;4;6+;1;32mm
875;Inquisitor Karamazov;"8""";9;3+;4;10;6+;3;60mm
876;Inquisitor Coteaz;"6""";3;2+;4;4;6+;1;40mm
877;Inquisitor;"6""";3;4+;5;4;6+;1;25mm
882;Custodian Guard;"6""";6;2+;4;3;6+;2;40mm
883;Venerable Contemptor Dreadnought;"6""";9;2+;5;10;6+;3;60mm
884;Venerable Land Raider;"10""";12;2+;-;16;6+;5;Use model
889;Primaris Psyker;"6""";3;5+;-;3;7+;1;32mm
894;Crusaders;"6""";3;3+;4;2;7+;1;25mm
895;Death Cult Assassins;"7""";3;5+;5;2;7+;1;25mm
896;Arco-flagellants;"7""";3;7+;6;2;8+;1;25mm
897;Penitent Engines;"8""";6;4+;6;5;7+;2;50mm
898;CELESTINE;"12""";3;2+;4;5;6+;1;40mm
898;GEMINAE SUPERIA;"12""";3;2+;4;2;7+;1;32mm
899;Canoness;"6""";3;3+;4;4;7+;1;32mm
900;Imagifier;"6""";3;3+;4;3;6+;1;32mm
901;Hospitaller;"6""";3;3+;6;3;7+;1;50mm
902;Dialogus;"6""";3;3+;4;3;6+;1;40mm
903;Battle Sisters Squad;"6""";3;3+;6;1;7+;2;32mm
904;Seraphim Squad;"12""";3;3+;5;1;7+;1;32mm
907;REPENTIA SUPERIOR;"7""";3;3+;6;1;7+;1;32mm
907;SISTERS REPENTIA;"7""";3;7+;6;1;8+;1;28mm
908;Retributor Squad;"6""";3;3+;6;1;7+;1;32mm
909;Dominion Squad;"6""";3;3+;6;1;7+;1;32mm
910;Sororitas Rhino;"12""";9;3+;6;10;7+;2;Use model
911;Immolator;"12""";10;3+;6;11;7+;2;Use model
912;Exorcist;"10""";10;3+;6;11;7+;3;Use model
914;Bastion;-;13;2+;-;18;7+;-;Use model
917;Vengeance Weapon Battery;-;13;2+;-;10;7+;-;Use model
918;Firestorm Redoubt;-;13;2+;-;18;7+;-;Use model
919;Plasma Obliterator;-;13;2+;-;18;7+;-;Use model
920;Macro-cannon Aquila Strongpoint;-;13;2+;-;30;7+;-;Use model
921;Vortex Missile Strongpoint;-;13;2+;-;30;7+;-;Use model
922;Void Shield Generator;-;12;3+;4;16;7+;-;Use model
923;Skyshield Landing Pad;-;12;3+;5;16;7+;-;Use model
924;Abaddon The Despoiler;"5""";5;2+;4;9;5+;4;60mm
925;Huron Blackheart;"6""";4;3+;4;5;6+;1;25mm
926;Cypher;"6""";4;3+;4;5;6+;1;32mm
928;FABIUS BILE;"6""";4;3+;-;5;6+;1;40mm
928;SURGEON ACOLYTE;"6""";4;6+;-;1;7+;1;32mm
929;Chaos Lord;"6""";4;3+;4;5;6+;1;40mm
930;Chaos Lord In Terminator Armour;"5""";5;2+;4;6;6+;1;40mm
931;Chaos Lord On Bike;"12""";5;3+;4;6;6+;2;75 x 25mm
932;Chaos Lord On Juggernaut;"10""";6;2+;4;7;6+;2;90 x 52mm
933;Chaos Lord On Disc Of Tzeentch;"12""";4;3+;4;6;6+;1;40mm
934;Chaos Lord On Palanquin Of Nurgle;"5""";5;3+;4;8;6+;2;60mm
935;Chaos Lord On Steed Of Slaanesh;"14""";5;3+;4;6;6+;2;No official base size
936;DARK APOSTLE;"6""";4;3+;4;4;5+;1;40mm
936;DARK DISCIPLE;"6""";4;6+;4;1;7+;1;25mm
937;Heretic Astartes Daemon Prince;"8""";10;2+;4;10;6+;3;60mm
938;Sorcerer;"6""";4;3+;-;4;6+;1;40mm
939;Sorcerer In Terminator Armour;"5""";5;2+;4;5;6+;1;40mm
940;Sorcerer On Bike;"12""";5;3+;-;5;6+;2;75 x 25mm
941;Sorcerer On Disc Of Tzeentch;"12""";4;3+;-;5;6+;1;40mm
942;Sorcerer On Palanquin Of Nurgle;"5""";5;3+;-;7;6+;2;60mm
943;Sorcerer On Steed Of Slaanesh;"14""";5;3+;-;5;6+;2;No official base size
944;Warpsmith;"6""";4;2+;-;4;6+;1;60 x 35mm
946;Cultist Mob;"6""";3;6+;-;1;7+;1;25mm
947;Chaos Terminator Squad;"5""";5;2+;4;3;6+;1;40mm
951;Noise Marines;"6""";4;3+;-;2;6+;1;32mm
952;Chosen;"6""";4;3+;-;3;6+;1;32mm
953;Possessed;"9""";6;3+;5;3;6+;1;40mm
954;Helbrute;"6""";9;2+;-;8;6+;3;60mm
955;Mutilators;"4""";7;2+;5;4;6+;2;40mm
956;Chaos Rhino;"12""";9;3+;-;10;6+;2;Use model
957;Chaos Bikers;"12""";5;3+;-;3;6+;2;75 x 42mm
958;Raptors;"12""";4;3+;-;2;6+;1;32mm
959;Warp Talons;"12""";4;3+;5;2;6+;1;32mm
960;Chaos Spawn;"8""";5;4+;-;4;7+;-;50mm
961;Heldrake;"20+""";9;3+;5;12;6+;-;120 x 92mm flying base
962;Chaos Land Raider;"10""";12;2+;-;16;6+;5;Use model
963;Chaos Predator Destructor;"10""";10;3+;-;11;6+;3;Use model
964;Chaos Vindicator;"9""";11;2+;-;11;6+;3;Use model
965;Obliterators;"4""";7;2+;5;5;6+;2;50mm
966;Havocs;"5""";5;3+;-;2;6+;1;40mm
967;Forgefiend;"8""";10;3+;5;12;6+;3;120 x 92mm
968;Maulerfiend;"10""";10;3+;5;12;6+;3;120 x 92mm
969;Defiler;"8""";10;3+;5;14;6+;5;Use model
970;Khorne Lord Of Skulls;"8""";13;3+;5;24;6+;8;Use model
1016;Thousand Sons Sorcerer;"6""";4;3+;5;4;6+;1;32mm
1017;Thousand Sons Sorcerer In Terminator Armour;"5""";5;2+;4;5;6+;1;40mm
1019;Thousand Sons Cultists;"6""";3;6+;6;1;7+;1;25mm
1020;Rubric Marines;"5""";4;3+;5;2;6+;2;32mm
1021;Thousand Sons Helbrute;"6""";9;2+;5;8;6+;3;60mm
1022;Thousand Sons Rhino;"12""";9;3+;-;10;6+;2;Use model
1023;Thousand Sons Chaos Spawn;"8""";5;4+;5;4;7+;1;50mm
1024;Thousand Sons Heldrake;"20+""";9;3+;5;12;6+;-;120 x 92mm flying base
1025;Thousand Sons Land Raider;"10""";12;2+;-;16;6+;5;Use model
1026;Thousand Sons Predator Destructor;"10""";10;3+;-;11;6+;4;Use model
1027;Thousand Sons Vindicator;"10""";11;2+;-;11;6+;3;Use model
1028;Thousand Sons Forgefiend;"8""";10;3+;5;12;6+;3;120 x 92mm
1029;Thousand Sons Maulerfiend;"10""";10;3+;5;12;6+;3;120 x 92mm
1030;Thousand Sons Defiler;"8""";10;3+;5;14;6+;5;Use model
1031;Magnus The Red;"14""";11;2+;4;16;5+;6;100mm
1032;Ahriman;"6""";4;3+;4;5;6+;1;40mm
1033;Exalted Sorcerer;"6""";4;3+;4;5;6+;1;32mm
1034;Tzaangors;"6""";4;6+;6;1;7+;2;32mm
1035;Scarab Occult Terminators;"5""";5;2+;4;3;6+;1;40mm
1036;Thousand Sons Daemon Prince;"7""";10;2+;4;10;6+;3;60mm
1037;Death Guard Chaos Lord;"5""";5;3+;4;5;6+;1;40mm
1038;Death Guard Chaos Lord In Terminator Armour;"4""";6;2+;4;6;6+;1;40mm
1041;Death Guard Sorcerer In Terminator Armour;"4""";6;2+;4;5;6+;1;40mm
1043;Death Guard Cultists;"6""";3;6+;-;1;7+;1;25mm
1044;Plague Marines;"5""";5;3+;-;2;6+;2;32mm
1045;Death Guard Possessed;"9""";6;3+;5;3;6+;1;32mm
1046;Death Guard Helbrute;"6""";9;2+;-;8;6+;3;60mm
1047;Death Guard Rhino;"12""";9;3+;-;10;6+;2;Use model
1048;Death Guard Chaos Spawn;"8""";5;4+;-;4;7+;1;50mm
1049;Death Guard Land Raider;"10""";12;2+;-;16;6+;5;Use model
1050;Death Guard Predator Annihilator;"10""";10;3+;-;11;6+;4;Use model
1051;Death Guard Defiler;"8""";10;3+;5;14;6+;5;Use model
1052;Death Guard Daemon Prince;"7""";11;2+;4;10;6+;3;60mm
1053;Typhus;"5""";6;2+;4;6;6+;1;50mm
1054;Lord Of Contagion;"4""";6;2+;4;6;6+;1;50mm
1055;Malignant Plaguecaster;"5""";5;3+;-;4;6+;1;32mm
1056;Poxwalkers;"4""";4;7+;-;1;8+;1;25mm
1057;Foetid Bloat-drone;"10""";9;3+;5;10;6+;3;60mm
1058;Noxious Blightbringer;"5""";5;3+;-;4;6+;1;40mm
1094;Chaos Cerastus Knight Acheron;"12""";12;3+;5;25;6+;10;170 x 109mm
1095;Chaos Cerastus Knight Lancer;"14""";12;3+;4;25;6+;10;170 x 109mm
1096;Chaos Cerastus Knight Castigator;"12""";12;3+;5;25;6+;10;170 x 109mm
1097;Chaos Cerastus Knight Atrapos;"12""";12;3+;5;25;6+;10;170 x 109mm
1098;Chaos Questoris Knight Magaera;"10""";12;3+;5;22;6+;10;120 x 92mm
1099;Chaos Acastus Knight Porphyrion;"8""";13;2+;5;30;6+;10;Use model
1100;Chaos Questoris Knight Styrix;"10""";12;3+;5;22;6+;10;120 x 92mm
1104;Karanak;"12""";4;7+;4;5;7+;1;75 x 42mm
1105;Skarbrand;"8""";11;4+;4;20;6+;5;100mm
1106;Skulltaker;"6""";4;4+;4;5;7+;1;40mm
1111;Rendmaster On Blood Throne;"8""";9;4+;4;9;7+;3;120 x 92mm
1112;Flesh Hounds;"12""";4;7+;5;2;7+;1;60 x 35mm
1114;Bloodletters;"6""";4;7+;5;1;7+;2;32mm
1115;Bloodcrushers;"10""";7;4+;4;4;7+;2;90 x 52mm
1116;Skull Cannon;"8""";9;4+;4;9;7+;3;120 x 92mm
1117;Kairos Fateweaver;"12""";10;6+;4;20;6+;5;100mm
1118;The Changeling;"6""";3;7+;4;5;7+;1;40mm
1119;The Blue Scribes;"12""";4;6+;4;6;8+;2;60mm flying base
1120;Lord Of Change;"12""";10;6+;4;18;6+;5;100mm
1125;Flamers;"9""";4;7+;4;3;7+;1;32mm
1126;Exalted Flamer;"9""";4;7+;4;6;7+;1;75 x 42mm
1127;Screamers;"14""";4;6+;4;3;7+;1;32mm flying base
1128;Burning Chariot;"12""";8;7+;4;9;7+;3;120 x 92mm
1129;Epidemius;"5""";5;6+;5;8;7+;2;60mm
1130;Great Unclean One;"7""";12;5+;4;20;6+;5;130mm
1132;Plaguebearers;"5""";5;7+;5;2;7+;2;32mm
1133;Nurglings;"5""";3;7+;6;4;8+;-;40mm
1134;Beasts Of Nurgle;"6""";9;6+;5;7;7+;2;60mm
1135;Plague Drones;"10""";8;6+;5;5;7+;2;60mm
1136;The Masque Of Slaanesh;"9""";3;7+;4;4;7+;1;32mm
1137;Keeper Of Secrets;"14""";10;5+;4;18;6+;5;100mm
1138;Tranceweaver;"9""";3;7+;5;3;7+;1;25mm
1139;Herald Of Slaanesh On Steed Of Slaanesh;"14""";4;7+;5;4;7+;2;60 x 35mm
1141;Tormentbringer On Exalted Seeker Chariot;"14""";6;5+;4;12;7+;3;120 x 92mm
1142;Daemonettes;"9""";3;7+;5;1;7+;2;25mm
1143;Fiends;"12""";5;7+;5;4;7+;2;75 x 42mm
1144;Hellflayer;"14""";6;5+;4;7;7+;3;120 x 92mm
1145;Seekers;"14""";4;7+;5;2;7+;1;60 x 35mm
1146;Seeker Chariot;"14""";6;5+;4;7;7+;3;120 x 92mm
1147;Exalted Seeker Chariot;"14""";6;5+;4;12;7+;5;120 x 92mm
1148;Be’lakor;"12""";10;4+;4;18;6+;5;100mm
1149;Daemon Prince Of Chaos;"8""";10;2+;4;10;6+;3;60mm
1150;Furies;"12""";3;7+;5;1;8+;1;25mm
1151;Soul Grinder;"8""";11;3+;4;14;7+;5;160mm
1153;Cerberus;"10""";12;2+;-;18;6+;6;Use model
1154;Vanguard Veteran Squad;"6""";4;3+;-;2;6+;1;32mm
1156;Invictor Tactical Warsuit;"8""";8;3+;-;12;6+;4;90mm
1157;Intercessor Squad;"6""";4;3+;-;2;6+;2;32mm
1158;Invader Atv;"12""";5;3+;-;8;6+;2;Use model
1159;Incursor Squad;"6""";4;3+;-;2;6+;1;32mm
1160;Scout Squad;"6""";4;4+;-;2;6+;1;28mm
1161;Sicaran Arcus;"10""";11;2+;-;14;6+;4;Use model
1162;Sergeant Telion;"6""";4;4+;-;3;6+;1;25mm
1163;Sicaran Omega;"10""";11;2+;-;14;6+;4;Use model
1164;Thunderfire Cannon;"3""";6;2+;-;6;6+;2;Use model
1165;Bladeguard Ancient;"6""";4;3+;4;4;6+;1;40mm
1166;Company Veterans On Bikes;"12""";5;3+;-;2;6+;2;75 x 25mm
1167;Company Champion On Bike;"12""";5;3+;4;5;6+;2;75 x 25mm
1168;Land Speeder Tempest;"14""";8;3+;-;7;6+;2;60mm flying base
1169;Land Speeder Tornado;"14""";7;3+;-;6;6+;2;60mm flying base
1172;Captain In Gravis Armour;"5""";6;3+;4;6;6+;1;40mm
1174;Chaplain;"6""";4;3+;4;4;5+;1;40mm
1175;Kratos;"10""";12;2+;-;18;6+;6;Use model
1177;Heavy Intercessor Squad;"5""";6;3+;-;3;6+;2;40mm
1178;Vindicator Laser Destroyer;"9""";11;2+;-;11;6+;3;Use model
1179;Sokar-pattern Stormbird;"20+""";13;2+;4;40;6+;-;Use model
1182;Ancient On Bike;"12""";5;3+;-;5;6+;2;75 x 25mm
1183;Terminator Squad;"5""";5;2+;4;3;6+;1;40mm
1184;Terminus Ultra;"10""";12;2+;-;16;6+;5;Use model
1185;Sicaran Battle Tank;"10""";11;2+;-;14;6+;4;Use model
1188;Vindicator;"9""";11;2+;-;11;6+;3;Use model
1189;Mastodon;"9""";14;2+;-;30;6+;12;Use model
1190;Stormtalon Gunship;"20+""";8;3+;-;10;6+;-;120 x 92mm flying base
1191;Stormraven Gunship;"20+""";10;3+;-;14;6+;-;120 x 92mm flying base
1192;Chaplain Venerable Dreadnought;"6""";9;2+;5;8;6+;3;60mm
1193;Centurion Devastator Squad;"4""";7;2+;-;4;6+;2;50mm
1196;Land Raider Banisher;"10""";12;2+;-;16;6+;5;Use model
1197;Grey Knights Thunderhawk Gunship;"20+""";12;2+;-;30;6+;-;Use model
1199;Repressor;"12""";10;3+;6;12;7+;2;Use model
1237;Valkyrie Sky Talon;"20+""";10;2+;-;14;7+;-;120 x 92mm flying base
1293;Blood Slaughterer;"12""";9;3+;5;10;6+;3;Use model
1294;Greater Blight Drone;"10""";9;3+;5;10;6+;3;60mm
1295;Decimator;"10""";10;3+;5;12;6+;4;60mm
1297;Kytan Ravager;"10""";12;3+;5;24;6+;10;170 x 109mm
1298;Greater Brass Scorpion;"12""";12;3+;5;26;6+;10;Use model
1302;Chaos Deimos Predator;"10""";10;3+;-;11;6+;3;Use model
1310;Dreadclaw Drop Pod;"12""";7;3+;-;9;6+;2;Use model
1311;Kharybdis Assault Claw;"12""";11;3+;-;20;6+;4;Use model
1317;Hell Blade;"20+""";8;3+;5;10;6+;-;120 x 92mm flying base
1318;Hell Talon;"20+""";9;3+;5;14;6+;-;120 x 92mm flying base
1321;Chaos Thunderhawk;"20+""";12;2+;-;30;6+;-;120 x 92mm flying base
1329;An'ggrath The Unbound;"12""";11;4+;4;24;6+;6;130mm
1332;Zarakynel;"14""";10;5+;4;20;6+;5;105 x 70mm
1333;Aetaos'rau'keres;"12""";10;6+;4;24;6+;6;130mm
1336;Plague Toads;"7""";8;6+;5;4;7+;2;60mm
1337;Pox Riders;"7""";8;6+;5;5;7+;2;60mm
1338;Spined Chaos Beast;"10""";10;4+;5;12;7+;4;No official base size
1339;Giant Chaos Spawn;"10""";8;4+;5;10;7+;3;100mm
1340;Scabeiathrax The Bloated;"7""";12;5+;4;22;6+;5;Use model
1344;Librarian With Jump Pack;"12""";4;3+;-;4;6+;1;25mm
1345;Lieutenant In Reiver Armour;"6""";4;3+;-;4;6+;1;40mm
1346;Lieutenant;"6""";4;3+;-;4;6+;1;40mm
1347;Land Raider Prometheus;"10""";12;2+;-;16;6+;5;Use model
1348;Librarian On Bike;"12""";5;3+;-;5;6+;2;75 x 25mm
1354;Lucius The Eternal;"6""";4;3+;4;5;6+;1;25mm
1355;Exalted Champion;"6""";4;3+;-;4;6+;1;40mm
1360;Grand Master In Nemesis Dreadknight;"8""";8;2+;4;13;6+;4;120 x 92mm
1361;Brotherhood Librarian;"5""";5;2+;4;5;6+;1;40mm
1362;Brotherhood Chaplain;"5""";5;2+;4;5;5+;1;40mm
1363;Grey Knights Stormhawk Interceptor;"20+""";9;3+;-;10;6+;-;120 x 92mm flying base
1364;Grey Knights Stormtalon Gunship;"20+""";8;3+;-;10;6+;-;120 x 92mm flying base
1367;Foul Blightspawn;"5""";5;3+;-;4;6+;1;40mm
1368;Biologus Putrifier;"5""";5;3+;-;4;6+;1;40mm
1369;Plague Surgeon;"5""";5;3+;-;4;6+;1;40mm
1370;Tallyman;"5""";5;3+;-;4;6+;1;40mm
1371;Deathshroud Terminators;"4""";6;2+;4;3;6+;1;40mm
1372;Blightlord Terminators;"4""";6;2+;4;3;6+;1;40mm
1374;Myphitic Blight-haulers;"10""";9;3+;5;10;6+;3;80mm
1376;Plagueburst Crawler;"10""";10;2+;5;12;6+;4;Use model
1377;Mortarion;"10""";12;2+;4;16;5+;6;100mm
1383;Mukaali Riders;"8""";6;4+;-;5;7+;2;40mm
1385;Grot Bomm Launcha;"12""";6;4+;6;6;7+;2;Use model
1386;Attack Fighta;"20+""";9;3+;6;10;7+;-;120 x 92mm flying base
1387;Fighta-bommer;"20+""";9;3+;6;12;7+;-;120 x 92mm flying base
1388;Deff Rolla Battle Fortress;"10""";12;3+;6;22;7+;8;Use model
1389;Kill Krusha;"10""";12;3+;6;22;7+;8;Use model
1390;Raven Strike Fighter;"20+""";8;4+;5;10;6+;-;120 x 92mm flying base
1391;Knarloc Riders;"7""";5;5+;-;4;7+;2;65mm
1392;Great Knarloc;"9""";8;4+;-;10;7+;3;65mm
1393;Firestorm;"14""";9;3+;-;12;6+;3;60mm flying base
1394;Ministorum Priest;"6""";3;6+;4;3;7+;1;25mm
1396;Tech-Priest Enginseer;"6""";4;3+;5;3;7+;1;32mm
1397;Munitorum Servitors;"6""";3;4+;6;1;8+;-;25mm
1398;Ogryn Bodyguard;"6""";6;5+;-;6;7+;1;40mm
1400;Bonesinger;"7""";3;6+;4;3;6+;1;25mm
1406;Sly Marbo;"6""";3;5+;-;4;7+;1;32mm
1423;Ravenwing Talonmaster;"16""";7;3+;5;6;6+;2;65mm
1446;Trajann Valoris;"6""";6;2+;4;7;5+;2;40mm
1447;Shield-captain;"6""";6;2+;4;6;6+;2;40mm
1448;Shield-captain In Allarus Terminator Armour;"5""";7;2+;4;7;6+;2;40mm
1449;Shield-captain On Dawneagle Jetbike;"12""";6;2+;4;7;6+;2;75 x 42mm
1450;Custodian Wardens;"6""";6;2+;4;3;6+;2;40mm
1453;Allarus Custodians;"5""";7;2+;4;4;6+;2;40mm
1454;Vertus Praetors;"12""";6;2+;4;4;6+;2;75 x 42mm
1455;Bloodmaster;"6""";4;5+;4;4;7+;1;40mm
1456;Skullmaster;"10""";7;4+;4;6;7+;2;60mm
1458;Contemptor-achillus Dreadnought;"6""";9;2+;5;10;6+;3;60mm
1460;Caladius Grav-tank;"10""";11;2+;5;14;6+;4;170 x 109mm
1461;Coronus Grav-carrier;"12""";12;2+;5;16;6+;5;Use model
1462;Changecaster;"6""";3;6+;4;3;7+;1;32mm
1463;Fateskimmer;"12""";7;6+;4;9;7+;3;120 x 92mm
1464;Fluxmaster;"12""";4;6+;4;4;7+;1;60mm flying base
1465;Rotigus;"7""";12;5+;4;22;6+;5;130mm
1466;Horticulous Slimux;"6""";10;3+;4;10;7+;2;105 x 70mm
1467;Poxbringer;"5""";5;7+;5;5;7+;1;32mm
1468;Sloppity Bilepiper;"5""";5;7+;5;5;7+;1;32mm
1469;Spoilpox Scrivener;"5""";5;7+;5;5;6+;1;40mm
1470;Feculent Gnarlmaw;-;9;4+;-;9;7+;-;Use model
1472;Tzaangor Shaman;"10""";4;5+;6;4;7+;1;40mm
1474;Tzaangor Enlightened;"10""";4;5+;6;2;7+;2;40mm
1476;Mutalith Vortex Beast;"10""";10;4+;5;13;6+;4;120 x 92mm
1477;Commander In Crisis Battlesuit;"10""";5;3+;-;5;7+;2;50mm
1478;Commander In Enforcer Battlesuit;"8""";5;2+;-;6;7+;2;60mm
1479;Telemon Heavy Dreadnought;"8""";10;2+;4;12;6+;4;100mm
1481;Armiger Helverin;"12""";10;3+;5;12;7+;8;100mm
1482;Armiger Warglaive;"12""";10;3+;5;12;7+;8;100mm
1483;Knight Preceptor;"10""";12;3+;5;22;6+;10;170 x 109mm
1484;Canis Rex;"10""";12;3+;5;22;5+;10;170 x 109mm
1485;Knight Castellan;"8""";13;2+;5;24;6+;10;170 x 109mm
1486;Knight Valiant;"8""";13;2+;5;24;6+;10;170 x 109mm
1509;Wulfen Dreadnought;"8""";9;2+;-;8;6+;-;60mm
1523;Scout Sniper Squad;"6""";4;4+;-;2;6+;1;25mm
1524;Sergeant Chronus;"6""";4;2+;-;3;6+;1;25mm
1525;Secutarii Hoplites;"6""";3;5+;4;1;7+;1;25mm
1526;Secutarii Peltasts;"6""";3;5+;6;1;7+;1;25mm
1527;Techmarine On Bike;"12""";5;3+;-;5;6+;2;75 x 25mm
1533;Terrax-pattern Termite;"8""";10;3+;-;14;6+;2;Use model
1536;Big Mek With Shokk Attack Gun;"6""";5;4+;-;5;7+;1;40mm
1537;Deffkilla Wartrike;"12""";6;4+;5;9;6+;3;150 x 95mm
1538;Kustom Boosta-blasta;"12""";7;4+;6;9;7+;3;150 x 95mm
1539;Shokkjump Dragsta;"12""";7;4+;6;9;7+;3;150 x 95mm
1540;Boomdakka Snazzwagon;"12""";7;4+;6;9;7+;3;150 x 95mm
1541;Megatrakk Scrapjet;"12""";7;4+;6;9;7+;3;150 x 95mm
1542;Rukkatrukk Squigbuggy;"12""";7;4+;6;9;7+;3;150 x 95mm
1545;;-;9;4+;-;10;7+;-;Use model
1546;Abominant;"6""";6;5+;-;5;7+;1;40mm
1553;Preacher;"6""";3;6+;4;3;7+;1;32mm
1556;Haarken Worldclaimer;"12""";4;3+;4;5;6+;1;40mm
1557;Contemptor-galatus Dreadnought;"6""";9;2+;4;10;6+;3;60mm
1558;Aquilon Custodians;"5""";7;2+;4;4;6+;2;50mm
1559;Custodian Guard With Adrasite And Pyrithite Spears;"6""";6;2+;4;3;6+;2;40mm
1560;Agamatus Custodians;"12""";6;2+;4;4;6+;2;60mm flying base
1561;Venatari Custodians;"10""";6;2+;4;3;6+;2;40mm
1562;Pallas Grav-attack;"12""";8;2+;5;9;6+;2;105 x 70mm
1563;Sagittarum Custodians;"6""";6;2+;4;3;6+;2;40mm
1564;Orion Assault Dropship;"20+""";12;2+;5;22;6+;-;160mm
1565;Jackal Alphus;"12""";4;5+;-;4;7+;1;60 x 35mm
1567;Clamavus;"6""";3;5+;-;3;6+;1;32mm
1568;Locus;"6""";4;5+;4;3;7+;1;32mm
1569;Sanctus;"6""";3;5+;5;3;7+;1;32mm
1570;Kelermorph;"6""";3;5+;5;3;7+;1;32mm
1571;Nexos;"6""";3;5+;-;3;7+;1;40mm
1572;Biophagus;"6""";3;5+;-;3;7+;1;25mm
1573;Achilles Ridgerunners;"12""";7;3+;-;8;7+;3;120 x 92mm
1574;ATALAN JACKAL;"12""";4;5+;-;2;7+;1;60 x 35mm
1574;ATALAN WOLFQUAD;"12""";4;5+;-;4;7+;1;60mm
1576;Tectonic Fragdrill;-;11;3+;-;14;7+;-;Use model
1577;Seraptek Heavy Construct;"10""";12;3+;5;24;7+;10;Use model
1579;Inquisitor Eisenhorn;"6""";3;4+;5;4;6+;1;32mm
1580;Tech-priest Manipulus;"6""";4;2+;5;4;7+;1;50mm
1581;Master Of Possession;"8""";4;3+;5;4;6+;1;40mm
1583;Lord Discordant On Helstalker;"10""";9;2+;5;10;6+;4;120 x 92mm
1584;Master Of Executions;"6""";4;3+;-;4;6+;1;40mm
1586;Venomcrawler;"12""";9;3+;5;9;6+;3;100mm
1587;Noctilith Crown;-;11;3+;-;14;6+;-;Use model
1588;Skull Altar;-;12;3+;-;10;7+;-;Use model
1589;Infernal Enrapturess;"9""";3;7+;5;3;7+;1;60 x 35mm
1596;Rein And Raus;"6""";2;6+;-;1;8+;1;25mm
1598;Amallyn Shadowguide;"7""";3;5+;4;3;6+;1;32mm
1600;Rogue Psyker;"6""";3;5+;-;3;7+;1;32mm
1601;Negavolt Cultists;"6""";3;7+;5;1;7+;1;32mm
1603;Spindle Drones;"6""";4;4+;-;2;6+;1;25mm
1604;Fellgor Beastmen;"6""";4;5+;-;1;7+;1;32mm
1606;Assault Intercessor Squad;"6""";4;3+;-;2;6+;2;32mm
1607;Land Raider Achilles;"10""";12;2+;4;16;6+;5;Use model
1608;Land Raider Proteus;"12""";12;2+;-;16;6+;5;Use model
1609;Fire Raptor Gunship;"20+""";10;3+;-;18;6+;-;120 x 92mm flying base
1610;Storm Speeder Thunderstrike;"14""";9;3+;-;11;6+;3;90mm
1611;Chief Librarian Tigurius;"6""";4;3+;4;4;6+;1;40mm
1630;Ambull;"6""";8;3+;-;8;8+;3;50mm
1647;Contorted Epitome;"9""";6;5+;4;8;7+;2;75 x 42mm
1648;Shalaxi Helbane;"14""";10;5+;4;20;6+;5;100mm
1649;Syll’esske;"9""";6;6+;4;9;6+;2;50mm
1650;Skorpius Dunerider;"12""";9;3+;-;11;7+;2;Use model
1651;Skorpius Disintegrator;"10""";10;2+;-;12;7+;3;Use model
1658;Knight Despoiler;"10""";12;3+;5;22;6+;10;170 x 109mm
1659;Knight Tyrant;"8""";13;2+;5;24;6+;10;170 x 109mm
1660;Knight Desecrator;"10""";12;3+;5;22;6+;10;170 x 109mm
1661;Knight Rampager;"12""";12;3+;5;22;6+;10;170 x 109mm
1662;Chaos Acastus Knight Asterius;"8""";13;2+;5;30;6+;10;Use model
1663;War Dog Moirax;"12""";10;3+;5;12;7+;8;100mm
1664;Acastus Knight Asterius;"8""";13;2+;5;30;6+;10;Use model
1666;Falchion;"9""";13;2+;-;24;6+;8;Use model
1667;Gladiator Reaper;"10""";10;3+;-;12;6+;3;100mm
1668;Eliminator Squad;"6""";4;3+;-;2;6+;1;40mm
1680;Ares Gunship;"20+""";12;2+;5;22;6+;-;160mm
1822;X-101;"6""";3;4+;-;3;8+;-;32mm
1825;Gladiator Valiant;"10""";10;3+;-;12;6+;3;100mm
1991;Terrax-pattern Termite;"8""";10;3+;-;14;6+;2;Use model
1993;Da Red Gobbo;"6""";2;5+;-;3;7+;1;32mm
1994;Carnodon;"12""";10;2+;-;12;7+;3;Use model
1997;Death Company Marines;"6""";4;3+;-;2;6+;1;32mm
2063;Triumph Of Saint Katherine;"6""";3;3+;4;18;6+;6;120 x 92mm
2064;Junith Eruita;"8""";5;2+;4;8;6+;2;50mm
2066;Zephyrim Squad;"12""";3;3+;5;1;7+;1;32mm
2067;Mortifiers;"8""";6;4+;6;5;7+;2;50mm
2068;Battle Sanctum;-;11;3+;-;20;7+;-;Use model
2076;Attack Bike Squad;"12""";5;3+;-;5;6+;2;Use model
2077;Warbringer Nemesis Titan;"12""";14;2+;5;80;6+;20;Use model
2080;Big Mek With Kustom Force Field;"6""";5;4+;-;4;7+;1;40mm
2081;Serberys Sulphurhounds;"12""";4;4+;5;2;7+;2;60 x 35mm
2082;Serberys Raiders;"12""";4;4+;5;2;7+;2;60 x 35mm
2083;Pteraxii Sterylizors;"12""";4;4+;5;2;7+;1;40mm
2084;Pteraxii Skystalkers;"12""";4;4+;5;2;7+;1;40mm
2085;Archaeopter Transvector;"20+""";9;3+;-;10;7+;-;170 x 109mm
2086;Archaeopter Stratoraptor;"20+""";9;3+;-;10;7+;-;170 x 109mm
2087;Archaeopter Fusilave;"20+""";9;3+;-;10;7+;-;170 x 109mm
2088;Aleya;"6""";3;3+;5;4;6+;1;32mm
2090;Inquisitor Draxus;"6""";3;3+;5;4;6+;1;32mm
2092;Illuminor Szeras;"8""";8;2+;4;9;6+;3;80mm
2093;The Archivist;"5""";6;3+;-;6;7+;2;50mm
2098;Hellblaster Squad;"6""";4;3+;-;2;6+;1;32mm
2099;Aggressor Squad;"5""";6;3+;-;3;6+;1;40mm
2100;Adrax Agatone;"6""";4;2+;4;5;6+;1;40mm
2102;Land Speeder Typhoon;"14""";7;3+;-;6;6+;2;60mm flying base
2103;Command Squad;"6""";4;3+;-;3;6+;1;32mm
2105;Darnath Lysander;"5""";5;2+;4;6;6+;1;40mm
2108;Plasmancer;"5""";4;4+;-;4;6+;1;32mm
2109;Skorpekh Lord;"8""";7;3+;4;7;6+;2;60mm
2110;Skorpekh Destroyers;"8""";6;3+;-;3;7+;2;50mm
2111;Cryptothralls;"5""";4;3+;-;3;8+;1;32mm
2112;Canoptek Reanimator;"8""";6;3+;-;6;7+;3;60mm
2114;Canoptek Scarab Swarms;"10""";2;6+;-;4;8+;-;40mm
2115;Canoptek Doomstalker;"8""";8;3+;4;12;8+;4;90mm
2116;Lokhust Heavy Destroyers;"8""";6;3+;-;4;7+;2;60mm
2173;Land Raider Redeemer;"12""";12;2+;-;16;6+;5;Use model
2199;MARNEUS CALGAR;"6""";6;2+;4;6;6+;1;50mm
2199;VICTRIX HONOUR GUARD;"6""";4;2+;4;3;6+;1;40mm
2202;Devastator Squad;"6""";4;3+;-;2;6+;1;32mm
2234;Primaris Company Champion;"6""";4;3+;-;4;6+;1;32mm
2252;Spartan;"10""";12;2+;-;18;6+;6;Use model
2255;Sternguard Veteran Squad;"6""";4;3+;-;2;6+;1;32mm
2258;Stalker;"9""";11;3+;-;11;6+;3;Use model
2266;Librarian;"6""";4;3+;-;4;6+;1;40mm
2267;Deathstorm Drop Pod;-;7;3+;-;8;6+;2;Use model
2268;Deimos Predator;"10""";10;3+;-;11;6+;3;Use model
2269;Deredeo Dreadnought;"6""";9;2+;5;12;6+;3;80mm
2270;Desolation Squad;"6""";4;3+;-;2;6+;1;32mm
2285;Death Company Marines;"6""";4;3+;-;2;6+;1;32mm
2291;Sammael;"12""";5;3+;4;7;6+;2;40mm
2296;Lazarus;"6""";4;3+;4;5;6+;1;40mm
2302;Deathwing Command Squad;"5""";5;2+;4;3;6+;1;40mm
2350;Royal Warden;"5""";5;3+;-;4;6+;1;32mm
2351;Lokhust Lord;"8""";6;3+;4;6;6+;2;60mm flying base
2352;Technomancer;"10""";4;4+;-;4;6+;1;50mm
2353;Psychomancer;"5""";4;4+;-;4;6+;1;40mm
2354;Chronomancer;"5""";4;4+;4;4;6+;1;40mm
2355;Hexmark Destroyer;"8""";5;3+;-;5;6+;1;50mm
2357;C’tan Shard Of The Void Dragon;"6""";11;4+;4;12;6+;4;80mm
2358;Ophydian Destroyers;"10""";5;4+;-;3;7+;2;50mm
2359;Lokhust Destroyers;"8""";6;3+;-;3;7+;2;60mm flying base
2360;SZAREKH;"8""";10;2+;4;16;6+;6;100mm
2360;TRIARCHAL MENHIR;"8""";10;2+;4;5;6+;1;50mm
2361;Convergence Of Dominion;-;9;3+;-;7;8+;-;Use model
2362;Tomb Citadel Walls;-;13;2+;5;50;7+;-;Use model
2363;Guardian Drone;"5""";7;3+;-;7;6+;2;50mm
2374;GRENADIER;"6""";3;4+;-;1;7+;2;25mm
2374;HEAVY WEAPONS TEAM;"6""";3;4+;-;2;7+;1;60mm
2375;QUARTERMASTER REVENANT;"6""";3;4+;-;3;7+;1;25mm
2375;MEDICAE SERVITOR;"6""";3;4+;-;1;8+;-;25mm
2377;Elysian Sniper Squad;"6""";3;5+;-;2;7+;2;60mm
2378;Death Rider Commissar;"12""";4;4+;5;4;6+;1;40mm
2379;Storm Chimera;"10""";9;3+;-;11;7+;2;Use model
2385;Death Korps Marshal;"6""";3;5+;5;4;7+;1;25mm
2386;Death Rider Squadron Commander;"12""";4;4+;5;5;7+;1;40mm
2389;Death Rider Squadron;"12""";4;4+;-;2;7+;1;40mm
2453;Mega Dread;"8""";10;2+;6;16;7+;5;Use model
2459;;-;12;3+;-;14;6+;-;Use model
2460;Lord Of Virulence;"4""";6;2+;4;6;6+;1;50mm
2461;Death Guard Predator Destructor;"10""";10;3+;-;11;6+;4;Use model
2462;Miasmic Malignifier;-;10;3+;-;12;6+;-;Use model
2468;Deathwing Strikemaster;"5""";5;2+;4;5;6+;1;40mm
2471;Court Of The Archon;"8""";3;5+;5;2;6+;1;25mm
2472;Palatine;"6""";3;3+;4;4;7+;1;32mm
2473;Tor Garadon;"5""";6;3+;4;6;6+;1;40mm
2477;Technoarcheologist;"6""";4;3+;5;3;7+;1;32mm
2478;Skitarii Marshal;"6""";3;4+;5;3;6+;1;32mm
2479;Morvenn Vahl;"8""";7;2+;4;8;6+;3;60mm
2480;AESTRED THURGA;"6""";3;2+;4;4;6+;1;32mm
2480;AGATHAE DOLAN;"6""";3;6+;4;3;7+;1;25mm
2481;Celestian Sacresants;"6""";3;3+;4;1;7+;1;32mm
2482;Dogmata;"6""";3;3+;6;3;6+;1;32mm
2483;Paragon Warsuits;"8""";7;2+;4;4;7+;2;50mm
2484;Castigator;"10""";10;3+;6;11;7+;3;Use model
2485;TANITH GHOST;"6""";3;5+;-;2;7+;1;28mm
2485;IBRAM GAUNT;"6""";3;4+;5;3;6+;1;28mm
2488;Zodgrod Wortsnagga;"6""";5;5+;-;5;7+;1;50mm
2489;Beastboss;"6""";5;4+;5;6;6+;1;50mm
2490;Beastboss On Squigosaur;"10""";8;3+;5;8;6+;3;80mm
2491;Painboss;"6""";5;4+;-;4;7+;1;40mm
2492;Wurrboy;"6""";5;5+;-;4;7+;1;32mm
2493;Mozrog Skragbad;"10""";8;3+;4;8;6+;3;80mm
2494;BEAST SNAGGA BOY;"6""";5;5+;-;1;7+;2;32mm
2494;BEAST SNAGGA NOB;"6""";5;5+;-;2;7+;2;32mm
2496;Squighog Boyz;"10""";7;4+;-;3;7+;2;75 x 42mm
2496;Nob On Smasha Squig;"10""";7;4+;-;4;7+;2;90 x 52mm
2497;Kill Rig;"10""";10;3+;-;16;7+;5;170 x 109mm
2498;Hunta Rig;"10""";10;3+;-;16;7+;5;170 x 109mm
2499;Big’ed Bossbunka;-;10;3+;-;12;7+;-;Use model
2500;Infernal Master;"6""";4;3+;5;4;6+;1;40mm
2501;Thousand Sons Predator Annihilator;"10""";10;3+;-;11;6+;4;Use model
2507;NOVITIATE SUPERIOR;"6""";3;3+;6;1;7+;2;32mm
2507;SISTER NOVITIATE;"6""";3;4+;6;1;8+;2;28mm
2509;Voidsmen-at-arms;"6""";3;4+;-;1;7+;2;25mm
2518;Blade Champion;"6""";6;2+;4;6;6+;2;40mm
2519;Valerian;"6""";6;2+;4;6;6+;2;40mm
2520;Knight-centura;"6""";3;3+;5;4;6+;1;32mm
2521;Prosecutors;"6""";3;3+;-;1;6+;2;32mm
2522;Vigilators;"6""";3;3+;-;1;6+;1;32mm
2523;Witchseekers;"6""";3;3+;-;1;6+;1;32mm
2524;Anathema Psykana Rhino;"12""";9;3+;-;10;6+;2;Use model
2525;Reductus Saboteur;"6""";3;5+;5;3;7+;1;32mm
2528;Winged Hive Tyrant;"12""";9;2+;4;10;7+;3;60mm
2529;Parasite Of Mortrex;"12""";5;4+;-;5;8+;1;40mm
2530;Lieutenant In Phobos Armour;"6""";4;3+;-;4;6+;1;40mm
2531;Corsair Voidreavers;"7""";3;4+;-;1;6+;2;28mm
2532;Corsair Voidscarred;"7""";3;4+;-;1;6+;1;28mm
2533;Shroud Runners;"14""";4;4+;5;3;6+;2;60mm flying base
2534;Troupe Master;"8""";3;6+;4;4;6+;1;25mm
2535;Shadowseer;"8""";3;6+;4;4;6+;1;25mm
2536;Troupe;"8""";3;6+;4;1;6+;1;25mm
2537;Death Jester;"8""";3;6+;4;4;6+;1;25mm
2538;Solitaire;"12""";3;6+;3;3;6+;1;25mm
2539;Skyweavers;"14""";4;4+;4;3;6+;2;60mm flying base
2540;Voidweaver;"14""";6;4+;4;6;6+;2;65mm
2541;Starweaver;"14""";6;4+;4;6;6+;1;65mm
2542;Yvraine;"8""";3;6+;4;4;6+;1;75 x 42mm
2543;The Visarch;"8""";3;2+;4;5;6+;1;32mm
2544;The Yncarne;"10""";10;2+;4;12;6+;3;80mm
2562;War Dog Executioner;"12""";10;3+;5;12;7+;8;100mm
2563;War Dog Stalker;"12""";10;3+;5;12;7+;8;100mm
2564;War Dog Karnivore;"14""";10;3+;5;12;7+;8;100mm
2565;War Dog Brigand;"12""";10;3+;5;12;7+;8;100mm
2566;War Dog Huntsman;"12""";10;3+;5;12;7+;8;100mm
2567;Knight Abominant;"10""";12;3+;5;22;6+;10;170 x 109mm
2568;Impulsor;"12""";9;3+;-;11;6+;2;100mm
2569;CULT DEMAGOGUE;"6""";3;6+;-;4;6+;1;32mm
2569;OTHER MODELS;"6""";3;6+;-;1;7+;1;28mm
2570;Legionaries;"6""";4;3+;-;2;6+;2;32mm
2571;MUTANT;"6""";4;6+;-;1;7+;1;25mm
2571;TORMENT;"6""";4;6+;-;3;7+;1;40mm
2572;Chaos Predator Annihilator;"10""";10;3+;-;11;6+;3;Use model
2582;Bloodthirster;"12""";11;4+;4;18;6+;5;120 x 92mm
2583;Blue Horrors;"6""";3;8+;4;1;8+;1;25mm
2584;PINK HORROR;"6""";3;7+;4;1;7+;2;32mm
2584;BLUE HORROR/BRIMSTONE HORROR;"6""";3;7+;4;1;8+;1;25mm
2587;Imperial Navy Breachers;"6""";3;4+;-;1;7+;2;25mm
2588;FARSTALKERS & KILL-BROKER;"7""";3;6+;-;1;7+;1;28mm
2588;KROOT HOUNDS;"12""";3;6+;-;1;7+;-;25mm
2589;TRAITOR ENFORCER;"6""";3;5+;5;3;6+;1;32mm
2589;TRAITOR OGRYN;"6""";6;5+;-;4;7+;1;40mm
2590;Traitor Guardsmen Squad;"6""";3;5+;-;1;7+;2;25mm
2591;Mutoid Vermin;"8""";2;7+;-;1;8+;-;25mm
2592;NIGHTMARE HULK;"5""";5;6+;-;4;7+;1;40mm
2592;GELLERPOX MUTANTS;"5""";5;6+;-;1;7+;1;25mm
2593;?thar The Destined;"5""";5;3+;4;5;7+;1;40mm
2594;K?hl;"5""";5;3+;4;4;7+;1;40mm
2595;Einhyr Champion;"5""";6;2+;-;5;7+;1;40mm
2596;GRIMNYR;"5""";5;4+;4;4;6+;1;40mm
2596;CORV;"5""";5;4+;4;1;6+;1;25mm
2597;BR?KHYR IRON-MASTER;"5""";5;4+;-;4;7+;1;32mm
2597;IRONKIN ASSISTANT;"5""";5;4+;-;2;7+;1;28mm
2597;E-COG;"5""";5;4+;-;1;7+;1;25mm
2598;Hearthkyn Warriors;"5""";5;4+;-;1;7+;2;28mm
2599;Einhyr Hearthguard;"5""";6;2+;-;2;7+;1;32mm
2600;Cthonian Beserks;"5""";5;6+;-;2;7+;1;28mm
2601;Hernkyn Pioneers;"12""";6;4+;-;3;7+;2;90 x 52mm
2602;Sagitaur;"12""";10;3+;-;9;7+;3;Use model
2603;Br?khyr Thunderkyn;"5""";6;3+;-;3;7+;1;40mm
2604;Hekaton Land Fortress;"10""";12;2+;-;16;7+;5;Use model
2605;Lord Solar Leontus;"12""";4;3+;4;8;6+;2;80mm
2606;Ursula Creed;"6""";3;4+;5;4;7+;1;32mm
2607;Cadian Castellan;"6""";3;5+;5;4;7+;1;28mm
2608;PLATOON COMMANDER ;"6""";3;5+;-;3;7+;1;25mm
2608;VETERAN HEAVY WEAPONS TEAM;"6""";3;5+;-;2;7+;2;50mm
2608;VETERAN GUARDSMAN;"6""";3;5+;-;1;7+;1;25mm
2609;CADIAN COMMANDER;"6""";3;5+;-;3;7+;1;28mm
2609;VETERAN GUARDSMAN;"6""";3;5+;-;1;7+;1;28mm
2610;Regimental Attach?s;"6""";3;5+;-;1;7+;1;
2612;Cadian Shock Troops;"6""";3;5+;-;1;7+;2;25mm
2613;Death Korps Of Krieg;"6""";3;5+;-;1;7+;2;25mm
2614;Catachan Jungle Fighters;"6""";3;5+;-;1;7+;2;25mm
2615;Kasrkin;"6""";3;4+;-;1;7+;1;28mm
2616;Attilan Rough Riders;"12""";4;4+;-;2;7+;1;60 x 35mm
2617;Rogal Dorn Battle Tank;"10""";12;2+;-;18;7+;5;Use model
2618;Field Ordnance Battery;"4""";5;4+;-;6;7+;2;100mm
2619;Aegis Defence Line;-;12;2+;-;10;7+;-;Use model
2621;Angron;"14""";11;2+;4;16;5+;6;100mm
2622;Kh?rn The Betrayer;"6""";4;3+;4;5;6+;1;40mm
2623;Lord Invocatus;"12""";6;2+;4;8;6+;2;90 x 52mm
2624;World Eaters Daemon Prince;"8""";10;2+;4;10;6+;3;60mm
2625;World Eaters Lord On Juggernaut;"10""";6;2+;4;7;6+;2;90 x 52mm
2626;World Eaters Master Of Executions;"6""";4;3+;-;4;6+;1;40mm
2627;Khorne Berzerkers;"6""";4;3+;-;2;6+;2;32mm
2628;Jakhals;"6""";3;6+;-;1;7+;1;28mm
2629;World Eaters Terminator Squad;"5""";5;2+;4;3;6+;1;40mm
2630;Eightbound;"9""";6;3+;5;3;6+;1;40mm
2631;Exalted Eightbound;"9""";6;3+;5;3;6+;1;40mm
2632;World Eaters Helbrute;"6""";9;2+;-;8;6+;3;60mm
2633;World Eaters Chaos Spawn;"8""";5;4+;-;4;7+;1;50mm
2634;World Eaters Land Raider;"10""";12;2+;-;16;6+;5;Use model
2635;World Eaters Defiler;"8""";10;3+;5;14;6+;5;Use model
2636;World Eaters Predator Destructor;"10""";10;3+;-;11;6+;3;Use model
2637;World Eaters Predator Annihilator;"10""";10;3+;-;11;6+;3;Use model
2638;World Eaters Forgefiend;"8""";10;3+;5;12;6+;3;120 x 92mm
2639;World Eaters Maulerfiend;"10""";10;3+;5;12;6+;3;120 x 92mm
2640;World Eaters Rhino;"12""";9;3+;-;10;6+;2;Use model
2641;World Eaters Heldrake;"20+""";9;3+;5;12;6+;-;120 x 92mm flying base
2642;Khorne Lord Of Skulls;"8""";13;3+;5;24;6+;8;Use model
2677;Ancient In Terminator Armour;"5""";5;2+;4;5;6+;1;40mm
2678;Chaplain Cassius;"6""";4;3+;4;4;5+;1;32mm
2679;Vashtorr The Arkifane;"12""";10;2+;4;14;6+;3;80mm
2682;Lion El’jonson;"8""";9;2+;3;10;5+;4;60mm
2683;Vigilant Squad;"6""";3;4+;-;1;7+;2;28mm
2684;Subductor Squad;"6""";3;3+;4;1;7+;1;28mm
2685;Exaction Squad;"6""";3;4+;-;1;7+;1;28mm
2686;Barbgaunts;"6""";4;4+;-;2;8+;1;40mm
2687;Neurogaunts;"6""";3;6+;-;1;8+;1;25mm
2688;Neurotyrant;"6""";8;4+;4;9;7+;3;50mm
2689;Psychophage;"8""";9;3+;-;10;8+;3;120 x 92mm
2690;Screamer-killer;"8""";9;2+;-;10;8+;3;90mm
2691;Tyranid Warriors With Melee Bio-weapons;"6""";5;4+;-;3;7+;2;50mm
2692;Tyranid Warriors With Ranged Bio-weapons;"6""";5;4+;-;3;7+;2;50mm
2693;Von Ryan’s Leapers;"10""";5;4+;6;3;8+;1;40mm
2694;Winged Tyranid Prime;"12""";5;4+;-;6;7+;1;50mm
2700;Astraeus;"10""";12;2+;5;24;6+;8;160mm
2701;Captain In Phobos Armour;"6""";4;3+;4;5;6+;1;40mm
2702;Captain On Bike;"12""";5;3+;4;6;6+;2;75 x 25mm
2703;Centurion Assault Squad;"4""";7;2+;-;4;6+;2;50mm
2704;Fellblade;"9""";13;2+;-;24;6+;8;Use model
2705;Gladiator Lancer;"10""";10;3+;-;12;6+;3;100mm
2706;Ironclad Dreadnought;"6""";10;2+;-;8;6+;3;60mm
2707;Judiciar;"6""";4;3+;4;4;5+;1;40mm
2708;Kayvaan Shrike;"12""";4;3+;4;5;6+;1;40mm
2709;Kor’sarro Khan;"6""";4;3+;4;5;6+;1;40mm
2710;Land Raider Helios;"10""";12;2+;-;16;6+;5;Use model
2711;Land Speeder;"14""";7;3+;-;6;6+;2;60mm flying base
2712;OUTRIDER;"12""";5;3+;-;4;6+;2;90 x 52mm
2712;INVADER ATV;"12""";5;3+;-;8;6+;2;Use model
2713;Pedro Kantor;"6""";4;2+;4;5;6+;1;25mm
2714;Predator Annihilator;"10""";10;3+;-;11;6+;3;Use model
2715;Predator Destructor;"10""";10;3+;-;11;6+;3;Use model
2717;Redemptor Dreadnought;"8""";10;2+;-;12;6+;4;90mm
2718;Reiver Squad;"6""";4;3+;-;2;6+;1;32mm
2719;Relic Contemptor Dreadnought;"6""";9;2+;5;10;6+;3;60mm
2720;Relic Razorback;"12""";9;3+;-;10;6+;2;Use model
2721;Repulsor;"10""";12;3+;-;16;6+;5;100mm
2722;Repulsor Executioner;"10""";12;3+;-;16;6+;5;100mm
2723;Rhino;"12""";9;3+;-;10;6+;2;Use model
2724;Thunderhawk Transporter;"20+""";12;2+;-;30;6+;-;120 x 92mm
2725;Tyrannic War Veterans;"6""";4;3+;-;2;6+;1;25mm
2726;Vulkan He’stan;"6""";4;2+;4;5;6+;1;25mm
2727;Whirlwind;"10""";10;3+;-;11;6+;3;Use model
2728;Whirlwind Scorpius;"10""";10;3+;-;11;6+;3;Use model
2729;Xiphon Interceptor;"20+""";9;3+;-;12;6+;-;120 x 92mm flying base
2730;Heretic Astartes Daemon Prince With Wings;"12""";9;2+;4;10;6+;3;60mm
2731;Renegade Enforcer;"6""";3;5+;5;3;6+;1;25mm
2732;Renegade Heavy Weapons Squad;"6""";3;5+;-;2;7+;2;40mm
2733;OGRYN PACK MASTER;"6""";6;5+;-;4;7+;1;40mm
2733;CHAOS MAULER HOUND;"6""";4;6+;-;1;7+;1;60 x 35mm
2734;Renegade Ogryn Brutes;"6""";6;5+;-;3;7+;1;40mm
2735;Renegade Plague Ogryns;"5""";7;5+;-;3;7+;1;40mm
2736;Deffkoptas With Big Shootas;"12""";6;4+;6;4;7+;2;75 x 42mm
2737;Death Company Marines With Jump Packs;"12""";4;3+;-;2;6+;1;32mm
2739;Earthshaker Platform;-;8;3+;-;8;7+;2;Use model
2740;Elysian Drop Sentinel;"10""";6;3+;-;6;7+;2;60mm
2741;Leman Russ Eradicator;"10""";11;2+;-;13;7+;3;Use model
2742;Leman Russ Executioner;"10""";11;2+;-;13;7+;3;Use model
2743;Leman Russ Exterminator;"10""";11;2+;-;13;7+;3;Use model
2744;Leman Russ Punisher;"10""";11;2+;-;13;7+;3;Use model
2745;Leman Russ Vanquisher;"10""";11;2+;-;13;7+;3;Use model
2746;Tempestus Scions;"6""";3;4+;-;1;7+;1;25mm
2747;Thunderbolt Heavy Fighter;"20+""";10;3+;-;15;7+;-;120 x 92mm flying base
2748;Ravenwing Command Squad;"12""";5;3+;5;4;6+;2;75 x 42mm
2749;Death Guard Daemon Prince With Wings;"11""";10;2+;4;10;6+;3;60mm
2750;Death Guard Icon Bearer;"5""";5;3+;-;4;5+;1;32mm
2751;Norn Emissary;"10""";11;2+;4;16;7+;5;100mm
2752;Norn Assimilator;"10""";11;2+;-;16;7+;5;100mm
2753;Neurolictor;"8""";5;4+;4;7;7+;1;50mm
2754;Ahriman On Disc Of Tzeentch;"10""";4;3+;4;6;6+;1;40mm
2755;Exalted Sorcerer On Disc Of Tzeentch;"12""";4;3+;4;6;6+;1;40mm
2756;Thousand Sons Daemon Prince With Wings;"11""";9;2+;4;10;6+;3;60mm
2757;World Eaters Daemon Prince With Wings;"12""";9;2+;4;10;6+;3;60mm
2758;Daemon Prince Of Chaos With Wings;"12""";9;2+;4;10;6+;3;60mm
2759;Autarch Wayleaper;"14""";3;3+;4;4;6+;1;32mm
2760;Inquisitor In Terminator Armour;"5""";4;2+;4;5;6+;1;25mm
2761;Damned Legionnaires;"6""";4;3+;4;2;6+;1;25mm
2762;ROGUE TRADER;"6""";3;4+;4;4;6+;1;25mm
2762;OTHER MODELS;"6""";3;4+;4;2;7+;1;25mm
2763;Janus Draik;"6""";3;4+;4;4;6+;1;32mm flying base
2764;Neyam Shai Murad;"6""";3;4+;4;4;6+;1;32mm flying base
2765;Navigator;"6""";3;5+;4;3;7+;1;32mm
2766;Ur-025;"5""";5;3+;-;4;7+;1;32mm
2767;Inquisitorial Agents;"6""";3;5+;-;1;7+;1;25mm
2768;Grey Knights Relic Razorback;"12""";9;3+;-;10;6+;2;Use model
2769;Armiger Moirax;"12""";10;3+;5;12;7+;8;100mm
2770;Sir Hekhtur;"6""";3;4+;-;3;5+;1;25mm
2771;EPHRAEL STERN;"8""";3;3+;4;5;7+;1;32mm
2771;KYGANIL OF THE BLOODY TEARS;"8""";3;6+;4;3;7+;1;32mm
2772;Company Heroes;"6""";4;3+;-;4;6+;1;40mm
2773;Apothecary;"6""";4;3+;-;4;6+;1;40mm
2775;Ancient;"6""";4;3+;-;4;6+;1;40mm
2776;Assault Intercessors With Jump Packs;"12""";4;3+;-;2;6+;1;32mm
2777;CHAPLAIN CASSIUS;"6""";4;3+;4;4;5+;2;32mm
2777;KILL TEAM TERMINATOR;"5""";5;2+;4;3;6+;2;40mm
2777;KILL TEAM VETERAN;"6""";4;3+;-;2;6+;2;32mm
2777;KILL TEAM BIKER;"12""";5;3+;-;3;6+;2;75 x 42mm
2778;Deathwatch Terminator Squad;"5""";5;2+;4;3;6+;1;40mm
2779;Spectrus Kill Team;"6""";4;3+;-;2;6+;1;32mm
2780;KILL TEAM INTERCESSOR;"6""";4;3+;-;2;6+;1;32mm
2780;KILL TEAM OUTRIDER;"12""";5;3+;-;4;6+;2;90 x 52mm
2781;Indomitor Kill Team;"5""";6;3+;-;3;6+;1;40mm
2782;KILL TEAM VETERANS;"6""";4;3+;-;2;6+;1;32mm
2782;KILL TEAM BIKER;"12""";5;3+;-;3;6+;2;75 x 42mm
2782;KILL TEAM TERMINATOR;"5""";5;2+;4;3;6+;1;40mm
2783;Deathwatch Veterans;"6""";4;3+;-;2;6+;2;32mm
2784;Veteran Bike Squad;"12""";5;3+;-;3;6+;2;75 x 25mm
2786;Black Templars Impulsor;"12""";9;3+;-;11;6+;2;100mm
2787;Black Templars Gladiator Lancer;"10""";10;3+;-;12;6+;3;100mm
2788;Black Templars Gladiator Valiant;"10""";10;3+;-;12;6+;3;100mm
2789;Black Templars Gladiator Reaper;"10""";10;3+;-;12;6+;3;100mm
2790;Black Templars Repulsor Executioner;"10""";12;3+;-;16;6+;5;100mm
2791;Black Templars Repulsor;"10""";12;3+;-;16;6+;5;100mm
2792;GRIMALDUS;"6""";4;3+;4;4;5+;1;40mm
2792;CENOBYTE SERVITOR;"6""";4;3+;4;1;8+;1;28mm
2793;Castellan;"6""";4;3+;-;4;6+;1;40mm
2794;High Marshal Helbrecht;"6""";4;2+;4;5;5+;2;60mm
2795;The Emperor’s Champion;"6""";4;2+;4;5;6+;1;40mm
2796;Marshal;"6""";4;3+;4;5;6+;1;40mm
2797;PRIMARIS NEOPHYTE;"6""";4;4+;-;2;6+;2;28mm
2797;OTHER MODELS;"6""";4;3+;-;2;6+;2;32mm
2798;Primaris Sword Brethren;"6""";4;3+;-;3;6+;1;40mm
2799;NEOPHYTES;"6""";4;4+;-;2;6+;2;25mm
2799;OTHER MODELS;"6""";4;3+;-;2;6+;2;32mm
2801;Space Wolves Venerable Dreadnought;"6""";9;2+;-;8;6+;3;60mm
2802;Wolf Guard Pack Leader With Jump Pack;"12""";4;3+;-;2;6+;1;32mm
2803;Wolf Guard Pack Leader In Terminator Armour;"5""";5;2+;4;3;6+;1;40mm
2804;Wolf Guard Pack Leader;"6""";4;3+;-;2;6+;1;32mm
2805;Cyberwolf;"10""";4;6+;6;2;7+;-;40mm
2806;Hounds Of Morkai;"6""";4;3+;6;2;6+;1;32mm
2807;Castellum Stronghold;-;13;2+;-;50;6+;-;Use model
2808;Wall Of Martyrs Bunker;-;13;2+;-;10;7+;-;Use model
2809;Wall Of Martyrs Defence Line;-;12;2+;-;10;7+;-;Use model
2810;Wall Of Martyrs Defence Emplacement;-;12;2+;-;10;7+;-;Use model
2811;Aegis Defence Line With Weapon Emplacement;-;12;2+;-;10;7+;-;Use model
3582;Khorne Berzerkers;"6""";4;3+;-;2;6+;2;32mm
3583;Rubric Marines;"5""";4;3+;5;2;6+;2;32mm
3584;Plague Marines;"5""";5;3+;-;2;6+;2;32mm
3585;Chaos Thunderhawk;"20+""";12;2+;-;30;6+;-;120 x 92mm flying base
3586;Greater Blight Drone;"10""";9;3+;5;10;6+;3;60mm
3587;Blood Slaughterer;"12""";9;3+;5;10;6+;3;Use model
3588;Chaos Thunderhawk;"20+""";12;2+;-;30;6+;-;120 x 92mm flying base
3589;Greater Brass Scorpion;"12""";12;3+;5;26;6+;10;Use model
3590;Kytan Ravager;"10""";12;3+;5;24;6+;10;170 x 109mm
3591;Chaos Thunderhawk;"20+""";12;2+;-;30;6+;-;120 x 92mm flying base
3592;Chaos Lord On Palanquin Of Nurgle;"5""";5;3+;4;8;6+;2;60mm
3593;NIGHTMARE HULK;"5""";5;6+;-;4;7+;1;40mm
3593;GELLERPOX MUTANTS;"5""";5;6+;-;1;7+;1;25mm
3594;Hell Blade;"20+""";8;3+;5;10;6+;-;120 x 92mm flying base
3595;Hell Talon;"20+""";9;3+;5;14;6+;-;120 x 92mm flying base
3596;Mutoid Vermin;"8""";2;7+;-;1;8+;-;25mm
3597;Chaos Lord On Disc Of Tzeentch;"12""";4;3+;4;6;6+;1;40mm
3598;Hell Blade;"20+""";8;3+;5;10;6+;-;120 x 92mm flying base
3599;Hell Talon;"20+""";9;3+;5;14;6+;-;120 x 92mm flying base
3600;Sorcerer On Palanquin Of Nurgle;"5""";5;3+;-;7;6+;2;60mm
3601;Hell Blade;"20+""";8;3+;5;10;6+;-;120 x 92mm flying base
3602;Hell Talon;"20+""";9;3+;5;14;6+;-;120 x 92mm flying base
3603;Terrax-pattern Termite;"8""";10;3+;-;14;6+;2;Use model
3604;Terrax-pattern Termite;"8""";10;3+;-;14;6+;2;Use model
3605;Terrax-pattern Termite;"8""";10;3+;-;14;6+;2;Use model
3606;Terrax-pattern Termite;"8""";10;3+;-;14;6+;2;Use model
3607;Land Raider Achilles;"10""";12;2+;4;16;6+;5;Use model
3608;Land Raider Achilles;"10""";12;2+;4;16;6+;5;Use model
3609;Land Raider Achilles;"10""";12;2+;4;16;6+;5;Use model
3610;Land Raider Achilles;"10""";12;2+;4;16;6+;5;Use model
3611;Land Raider Proteus;"12""";12;2+;-;16;6+;5;Use model
3612;Land Raider Proteus;"12""";12;2+;-;16;6+;5;Use model
3613;Land Raider Proteus;"12""";12;2+;-;16;6+;5;Use model
3614;Land Raider Proteus;"12""";12;2+;-;16;6+;5;Use model
3615;Fire Raptor Gunship;"20+""";10;3+;-;18;6+;-;120 x 92mm flying base
3616;Fire Raptor Gunship;"20+""";10;3+;-;18;6+;-;120 x 92mm flying base
3617;Fire Raptor Gunship;"20+""";10;3+;-;18;6+;-;120 x 92mm flying base
3618;Fire Raptor Gunship;"20+""";10;3+;-;18;6+;-;120 x 92mm flying base
3619;Spartan;"10""";12;2+;-;18;6+;6;Use model
3620;Spartan;"10""";12;2+;-;18;6+;6;Use model
3621;Spartan;"10""";12;2+;-;18;6+;6;Use model
3622;Spartan;"10""";12;2+;-;18;6+;6;Use model
3623;Deredeo Dreadnought;"6""";9;2+;5;12;6+;3;80mm
3624;Deredeo Dreadnought;"6""";9;2+;5;12;6+;3;80mm
3625;Deredeo Dreadnought;"6""";9;2+;5;12;6+;3;80mm
3626;Deredeo Dreadnought;"6""";9;2+;5;12;6+;3;80mm
3627;Cerberus;"10""";12;2+;-;18;6+;6;Use model
3628;Cerberus;"10""";12;2+;-;18;6+;6;Use model
3629;Cerberus;"10""";12;2+;-;18;6+;6;Use model
3630;Cerberus;"10""";12;2+;-;18;6+;6;Use model
3631;Kratos;"10""";12;2+;-;18;6+;6;Use model
3632;Kratos;"10""";12;2+;-;18;6+;6;Use model
3633;Kratos;"10""";12;2+;-;18;6+;6;Use model
3634;Kratos;"10""";12;2+;-;18;6+;6;Use model
3635;Sokar-pattern Stormbird;"20+""";13;2+;4;40;6+;-;Use model
3636;Sokar-pattern Stormbird;"20+""";13;2+;4;40;6+;-;Use model
3637;Sokar-pattern Stormbird;"20+""";13;2+;4;40;6+;-;Use model
3638;Sokar-pattern Stormbird;"20+""";13;2+;4;40;6+;-;Use model
3639;Sicaran Battle Tank;"10""";11;2+;-;14;6+;4;Use model
3640;Sicaran Battle Tank;"10""";11;2+;-;14;6+;4;Use model
3641;Sicaran Battle Tank;"10""";11;2+;-;14;6+;4;Use model
3642;Sicaran Battle Tank;"10""";11;2+;-;14;6+;4;Use model
3643;Mastodon;"9""";14;2+;-;30;6+;12;Use model
3644;Mastodon;"9""";14;2+;-;30;6+;12;Use model
3645;Mastodon;"9""";14;2+;-;30;6+;12;Use model
3646;Mastodon;"9""";14;2+;-;30;6+;12;Use model
3647;Leviathan Dreadnought;"8""";10;2+;5;12;6+;4;80mm
3648;Leviathan Dreadnought;"8""";10;2+;5;12;6+;4;80mm
3649;Leviathan Dreadnought;"8""";10;2+;5;12;6+;4;80mm
3650;Leviathan Dreadnought;"8""";10;2+;5;12;6+;4;80mm
3651;Fellblade;"9""";13;2+;-;24;6+;8;Use model
3652;Fellblade;"9""";13;2+;-;24;6+;8;Use model
3653;Fellblade;"9""";13;2+;-;24;6+;8;Use model
3654;Fellblade;"9""";13;2+;-;24;6+;8;Use model
3655;Relic Contemptor Dreadnought;"6""";9;2+;5;10;6+;3;60mm
3656;Relic Contemptor Dreadnought;"6""";9;2+;5;10;6+;3;60mm
3657;Relic Contemptor Dreadnought;"6""";9;2+;5;10;6+;3;60mm
3658;Relic Contemptor Dreadnought;"6""";9;2+;5;10;6+;3;60mm
3659;Whirlwind Scorpius;"10""";10;3+;-;11;6+;3;Use model
3660;Whirlwind Scorpius;"10""";10;3+;-;11;6+;3;Use model
3661;Whirlwind Scorpius;"10""";10;3+;-;11;6+;3;Use model
3662;Whirlwind Scorpius;"10""";10;3+;-;11;6+;3;Use model
3663;Xiphon Interceptor;"20+""";9;3+;-;12;6+;-;120 x 92mm flying base
3664;Xiphon Interceptor;"20+""";9;3+;-;12;6+;-;120 x 92mm flying base
3665;Xiphon Interceptor;"20+""";9;3+;-;12;6+;-;120 x 92mm flying base
3666;Xiphon Interceptor;"20+""";9;3+;-;12;6+;-;120 x 92mm flying base
3667;Rapier Carrier;"3""";6;2+;-;6;6+;2;Use model
3668;Rapier Carrier;"3""";6;2+;-;6;6+;2;Use model
3669;Rapier Carrier;"3""";6;2+;-;6;6+;2;Use model
3670;Rapier Carrier;"3""";6;2+;-;6;6+;2;Use model
3671;Storm Eagle Gunship;"20+""";10;3+;-;18;6+;-;120 x 92mm flying base
3672;Storm Eagle Gunship;"20+""";10;3+;-;18;6+;-;120 x 92mm flying base
3673;Storm Eagle Gunship;"20+""";10;3+;-;18;6+;-;120 x 92mm flying base
3674;Storm Eagle Gunship;"20+""";10;3+;-;18;6+;-;120 x 92mm flying base
3675;Sicaran Venator;"10""";11;2+;-;14;6+;4;Use model
3676;Sicaran Venator;"10""";11;2+;-;14;6+;4;Use model
3677;Sicaran Venator;"10""";11;2+;-;14;6+;4;Use model
3678;Sicaran Venator;"10""";11;2+;-;14;6+;4;Use model
3679;Typhon;"10""";12;2+;-;18;6+;6;Use model
3680;Typhon;"10""";12;2+;-;18;6+;6;Use model
3681;Typhon;"10""";12;2+;-;18;6+;6;Use model
3682;Typhon;"10""";12;2+;-;18;6+;6;Use model
3683;Sicaran Punisher;"10""";11;2+;-;14;6+;4;Use model
3684;Sicaran Punisher;"10""";11;2+;-;14;6+;4;Use model
3685;Sicaran Punisher;"10""";11;2+;-;14;6+;4;Use model
3686;Sicaran Punisher;"10""";11;2+;-;14;6+;4;Use model
3687;Falchion;"9""";13;2+;-;24;6+;8;Use model
3688;Falchion;"9""";13;2+;-;24;6+;8;Use model
3689;Falchion;"9""";13;2+;-;24;6+;8;Use model
3690;Falchion;"9""";13;2+;-;24;6+;8;Use model
3691;Da Red Gobbo;"6""";2;5+;4;3;7+;1;32mm
3692;;"10""";3;4+;-;5;7+;2;40mm
3693;;"5""";5;2+;4;6;6+;1;40mm
3694;Sydonian Dragoons;"10""";7;3+;5;7;7+;2;105 x 70mm
3695;Sydonian Skatros;"8""";4;4+;5;4;7+;1;40mm
3696;;"5""";5;2+;4;6;6+;1;
3697;;"6""";4;3+;4;6;6+;1;
3698;Ravenwing Talonmaster;"6""";4;3+;-;3;6+;2;40mm
3699;Crisis Sunforge Battlesuits;"10""";5;3+;4;4;7+;2;50mm
3700;Crisis Battlesuits;"10""";5;3+;-;4;7+;2;50mm
3701;Crisis Battlesuits;"10""";5;3+;-;4;7+;2;50mm
3702;Kroot Trail Shaper;"7""";3;6+;-;3;7+;1;32mm
3703;Kroot War Shaper;"7""";3;6+;-;3;7+;1;32mm
3704;Kroot Flesh Shaper;"7""";3;6+;-;3;7+;1;32mm
3705;Kroot Lone-Spear;"12""";5;5+;-;6;7+;2;90 x 52mm
3706;Krootox Rampagers;"7""";6;5+;-;5;7+;2;50mm
3707;Big Mek;"6""";5;3+;-;6;7+;1;50mm
3709;Ufthak Blackhawk;"6""";5;4+;5;6;6+;1;50mm
3710;;"6""";5;5+;-;1;7+;1;
3711;Chaos Lord;"12""";4;3+;4;5;6+;1;40mm
3712;Cultist Firebrand;"6""";4;4+;-;4;6+;1;32mm
3713;Cultist Mob with Firearms;"6""";3;6+;-;1;7+;1;25mm
3714;Canoness;"12""";3;3+;4;3;7+;1;32mm
3715;Benefictus;"6""";3;5+;5;3;7+;1;32mm
3716;Acolyte Hybrids With Hand Flamers;"6""";4;5+;-;1;7+;2;32mm
3717;Cadian Castellan;"6""";3;5+;5;4;7+;1;28mm
3718;CADIAN COMMANDER;"6""";3;5+;-;3;7+;1;28mm
3718;VETERAN GUARDSMAN;"6""";3;5+;-;1;7+;1;28mm
3719;PLATOON COMMANDER ;"6""";3;5+;-;3;7+;1;25mm
3719;VETERAN HEAVY WEAPONS TEAM;"6""";3;5+;-;2;7+;2;50mm
3719;VETERAN GUARDSMAN;"6""";3;5+;-;1;7+;1;25mm
3720;Primaris Psyker;"6""";3;5+;-;3;7+;1;32mm
3721;Tank Commander;"10""";11;2+;-;13;7+;3;Use model
3722;Death Korps Marshal;"6""";3;5+;5;4;7+;1;25mm
3723;Death Rider Squadron Commander;"12""";4;4+;5;5;7+;1;40mm
3724;Death Rider Commissar;"12""";4;4+;5;4;6+;1;40mm
3725;QUARTERMASTER REVENANT;"6""";3;4+;-;3;7+;1;25mm
3725;MEDICAE SERVITOR;"6""";3;4+;-;1;8+;-;25mm
3726;Cadian Shock Troops;"6""";3;5+;-;1;7+;2;25mm
3727;Catachan Jungle Fighters;"6""";3;5+;-;1;7+;2;25mm
3728;Death Korps Of Krieg;"6""";3;5+;-;1;7+;2;25mm
3729;GUARDSMAN;"6""";3;5+;-;1;7+;2;25mm
3729;HEAVY WEAPONS TEAM;"6""";3;5+;-;2;7+;4;50mm
3730;Chimera;"10""";9;3+;-;11;7+;2;Use model
3731;Taurox;"12""";8;3+;-;10;7+;2;Use model
3732;Taurox Prime;"12""";8;3+;-;10;7+;2;Use model
3733;Storm Chimera;"10""";9;3+;-;11;7+;2;Use model
3734;Aegis Defence Line;-;12;2+;-;10;7+;-;Use model
3735;Earthshaker Platform;-;8;3+;-;8;7+;2;Use model
3736;Hydra Platform;-;8;3+;-;8;7+;2;Use model
3737;Manticore Platform;-;8;3+;-;8;7+;2;Use model
3738;Sabre Weapons Battery;-;4;4+;-;4;7+;1;Use model
3739;Armoured Sentinels;"8""";8;2+;-;7;7+;2;80mm
3740;Attilan Rough Riders;"12""";4;4+;-;2;7+;1;60 x 35mm
3741;Baneblade;"9""";13;2+;-;24;7+;8;Use model
3742;Banehammer;"9""";13;2+;-;24;7+;8;Use model
3743;Banesword;"9""";13;2+;-;24;7+;8;Use model
3744;Basilisk;"10""";9;3+;-;11;7+;3;Use model
3745;Deathstrike;"10""";10;3+;-;11;7+;3;Use model
3746;Doomhammer;"9""";13;2+;-;24;7+;8;Use model
3747;Field Ordnance Battery;"4""";5;4+;-;6;7+;2;100mm
3748;Heavy Weapons Squad;"6""";3;5+;-;2;7+;2;50mm
3749;Hellhammer;"9""";13;2+;-;24;7+;8;Use model
3750;Hellhound;"10""";10;2+;-;11;7+;3;Use model
3751;Hydra;"10""";9;3+;-;11;7+;3;Use model
3752;Kasrkin;"6""";3;4+;-;1;7+;1;28mm
3753;Leman Russ Battle Tank;"10""";11;2+;-;13;7+;3;Use model
3754;Leman Russ Demolisher;"10""";11;2+;-;13;7+;3;Use model
3755;Leman Russ Eradicator;"10""";11;2+;-;13;7+;3;Use model
3756;Leman Russ Executioner;"10""";11;2+;-;13;7+;3;Use model
3757;Leman Russ Exterminator;"10""";11;2+;-;13;7+;3;Use model
3758;Leman Russ Punisher;"10""";11;2+;-;13;7+;3;Use model
3759;Leman Russ Vanquisher;"10""";11;2+;-;13;7+;3;Use model
3760;Manticore;"10""";10;3+;-;11;7+;3;Use model
3761;Munitorum Servitors;"6""";3;4+;6;1;8+;-;25mm
3762;Regimental Attach?s;"6""";3;5+;-;1;7+;1;
3763;Rogal Dorn Battle Tank;"10""";12;2+;-;18;7+;5;Use model
3764;Scout Sentinels;"10""";7;3+;-;7;7+;2;80mm
3765;Shadowsword;"9""";13;2+;-;24;7+;8;Use model
3766;Stormlord;"9""";13;2+;-;24;7+;8;Use model
3767;Stormsword;"9""";13;2+;-;24;7+;8;Use model
3768;Wyvern;"10""";9;3+;-;11;7+;3;Use model
3769;Carnodon;"12""";10;2+;-;12;7+;3;Use model
3770;Colossus;"10""";10;2+;-;11;7+;3;Use model
3771;Crassus;"10""";11;2+;-;18;7+;5;Use model
3772;Cyclops Demolition Vehicle;"8""";4;3+;-;4;8+;-;Use model
3773;Death Rider Squadron;"12""";4;4+;-;2;7+;1;40mm
3774;Earthshaker Carriage Battery;"4""";7;4+;-;6;7+;2;Use model
3775;Hades Breaching Drill;"6""";9;3+;-;8;7+;2;Use model
3776;Macharius;"9""";13;2+;-;20;7+;8;Use model
3777;Macharius Vanquisher;"9""";13;2+;-;20;7+;8;Use model
3778;Macharius Vulcan;"9""";13;2+;-;20;7+;8;Use model
3779;Malcador;"10""";11;2+;-;18;7+;5;Use model
3780;Malcador Annihilator;"10""";11;2+;-;18;7+;5;Use model
3781;Malcador Defender;"10""";11;2+;-;18;7+;5;Use model
3782;Malcador Infernus;"10""";11;2+;-;18;7+;5;Use model
3783;Medusa Carriage Battery;"4""";7;4+;-;6;7+;2;Use model
3784;Praetor;"10""";11;2+;-;18;7+;5;Use model
3785;Rapier Laser Destroyer Battery;"6""";4;4+;-;3;7+;1;Use model
3786;Stormblade;"9""";13;2+;-;24;7+;8;Use model
3787;Tarantula Battery;-;5;3+;-;4;7+;-;Use model
3788;Trojan Support Vehicle;"10""";9;3+;-;11;7+;2;Use model
3789;Valdor;"9""";13;2+;-;20;7+;8;Use model
3790;Arkurian Stormhammer;"9""";13;2+;-;24;7+;8;Use model
3791;Armageddon-pattern Medusa;"10""";9;3+;-;11;7+;3;Use model
3792;Atlas Recovery Vehicle;"10""";9;3+;-;10;7+;3;Use model
3793;Centaur Light Carrier;"10""";7;3+;-;7;7+;1;Use model
3794;GRENADIER;"6""";3;4+;-;1;7+;2;25mm
3794;HEAVY WEAPONS TEAM;"6""";3;4+;-;2;7+;1;60mm
3795;Dominus Armoured Siege Bombard;"9""";13;2+;-;20;7+;8;Use model
3796;Elysian Drop Sentinel;"10""";6;3+;-;6;7+;2;60mm
3797;Elysian Sniper Squad;"6""";3;5+;-;2;7+;2;60mm
3798;Gorgon Heavy Transport;"9""";13;2+;5;20;7+;8;Use model
3799;Griffon Mortar Carrier;"10""";9;3+;-;11;7+;3;Use model
3800;Heavy Mortar Team;"4""";5;3+;-;4;7+;2;Use model
3801;Heavy Quad Launcher Team;"4""";5;3+;-;4;7+;2;Use model
3802;Macharius Omega;"9""";13;2+;-;20;7+;8;Use model
3803;Minotaur;"10""";11;2+;-;18;7+;5;Use model
3804;Mukaali Riders;"8""";6;4+;-;5;7+;2;40mm
3805;Salamander Command Vehicle;"12""";8;3+;-;10;7+;3;Use model
3806;Salamander Scout Vehicle;"12""";8;3+;-;10;7+;3;Use model
3807;Sentinel Powerlifter;"8""";7;3+;-;6;7+;2;Use model
3808;Stygies Destroyer Tank Hunter;"10""";11;2+;-;13;7+;3;Use model
3809;Tauros Assault Vehicle;"12""";6;4+;-;6;7+;2;Use model
3810;Tauros Venator;"12""";6;4+;-;6;7+;2;Use model
3811;Celestian Sacresant Aveline;"6""";3;3+;4;4;7+;1;50mm
3812;Ministorum Priest;"6""";3;6+;4;3;7+;1;32mm
3813;Grey Knights Terminator Squad;"5""";5;2+;4;3;6+;2;40mm
3814;Watch Captain Artemis;"6""";4;3+;4;4;6+;1;32mm
3815;Watch Master;"6""";4;2+;4;5;6+;1;32mm
3816;Deathwatch Veterans;"6""";4;3+;-;2;6+;2;32mm
3817;Corvus Blackstar;"20+""";10;3+;-;14;6+;-;120 x 92mm flying base
3818;Battle Sisters Squad;"6""";3;3+;6;1;7+;2;32mm
3819;Immolator;"12""";10;3+;6;11;7+;2;Use model
3820;Chimera;"10""";9;3+;-;11;7+;2;Use model
3821;KILL TEAM VETERAN;"6""";4;3+;-;2;6+;2;32mm
3821;KILL TEAM BIKER;"12""";5;3+;-;3;6+;2;75 x 42mm
3821;CHAPLAIN CASSIUS;"6""";4;3+;4;4;5+;2;32mm
3821;KILL TEAM TERMINATOR;"5""";5;2+;4;3;6+;2;40mm
3822;Deathwatch Terminator Squad;"5""";5;2+;4;3;6+;1;40mm
3823;Veteran Bike Squad;"12""";5;3+;-;3;6+;2;75 x 25mm
3824;KILL TEAM VETERANS;"6""";4;3+;-;2;6+;1;32mm
3824;KILL TEAM BIKER;"12""";5;3+;-;3;6+;2;75 x 42mm
3824;KILL TEAM TERMINATOR;"5""";5;2+;4;3;6+;1;40mm
3825;KILL TEAM INTERCESSOR;"6""";4;3+;-;2;6+;1;32mm
3825;KILL TEAM OUTRIDER;"12""";5;3+;-;4;6+;2;90 x 52mm
3826;Indomitor Kill Team;"5""";6;3+;-;3;6+;1;40mm
3827;Spectrus Kill Team;"6""";4;3+;-;2;6+;1;32mm
3828;Daemonhost;"6""";3;5+;5;3;7+;-;25mm
3829;Jokaero Weaponsmith;"6""";3;5+;4;2;7+;-;25mm
3830;Imperial Rhino;"12""";9;3+;-;10;6+;2;Use model
3831;Captain;"6""";4;3+;4;5;6+;1;40mm
3832;Death Company Captain;"6""";4;3+;4;5;6+;1;40mm
3833;Death Company Captain;"12""";4;3+;4;5;6+;1;40mm
